[INFO] Scanning for projects...
[WARNING] 
[WARNING] Some problems were encountered while building the effective model for com.veriprotocol:smartsearch:jar:0.0.1-SNAPSHOT
[WARNING] 'dependencies.dependency.(groupId:artifactId:type:classifier)' must be unique: org.springframework.boot:spring-boot-starter-actuator:jar -> duplicate declaration of version (?) @ line 166, column 20
[WARNING] 'dependencies.dependency.(groupId:artifactId:type:classifier)' must be unique: io.micrometer:micrometer-registry-prometheus:jar -> duplicate declaration of version (?) @ line 171, column 13
[WARNING] 
[WARNING] It is highly recommended to fix these problems because they threaten the stability of your build.
[WARNING] 
[WARNING] For this reason, future Maven versions might no longer support building such malformed projects.
[WARNING] 
[INFO] 
[INFO] --------------------< com.veriprotocol:smartsearch >--------------------
[INFO] Building SmartSearch 0.0.1-SNAPSHOT
[INFO]   from pom.xml
[INFO] --------------------------------[ jar ]---------------------------------
[INFO] 
[INFO] >>> spring-boot:3.5.10-SNAPSHOT:run (default-cli) > test-compile @ smartsearch >>>
[INFO] 
[INFO] --- resources:3.3.1:resources (default-resources) @ smartsearch ---
[INFO] Copying 1 resource from src/main/resources to target/classes
[INFO] Copying 9 resources from src/main/resources to target/classes
[INFO] 
[INFO] --- compiler:3.14.1:compile (default-compile) @ smartsearch ---
[INFO] Recompiling the module because of changed source code.
[INFO] Compiling 50 source files with javac [debug parameters release 21] to target/classes
[INFO] Annotation processing is enabled because one or more processors were found
  on the class path. A future release of javac may disable annotation processing
  unless at least one processor is specified by name (-processor), or a search
  path is specified (--processor-path, --processor-module-path), or annotation
  processing is enabled explicitly (-proc:only, -proc:full).
  Use -Xlint:-options to suppress this message.
  Use -proc:none to disable annotation processing.
[INFO] /Users/nasit/Documents/SmartSearch/src/main/java/com/veriprotocol/springAI/persistence/ChunkSearchDao.java: /Users/nasit/Documents/SmartSearch/src/main/java/com/veriprotocol/springAI/persistence/ChunkSearchDao.java uses or overrides a deprecated API.
[INFO] /Users/nasit/Documents/SmartSearch/src/main/java/com/veriprotocol/springAI/persistence/ChunkSearchDao.java: Recompile with -Xlint:deprecation for details.
[INFO] 
[INFO] --- resources:3.3.1:testResources (default-testResources) @ smartsearch ---
[INFO] skip non existing resourceDirectory /Users/nasit/Documents/SmartSearch/src/test/resources
[INFO] 
[INFO] --- compiler:3.14.1:testCompile (default-testCompile) @ smartsearch ---
[INFO] Recompiling the module because of changed dependency.
[INFO] Compiling 2 source files with javac [debug parameters release 21] to target/test-classes
[INFO] Annotation processing is enabled because one or more processors were found
  on the class path. A future release of javac may disable annotation processing
  unless at least one processor is specified by name (-processor), or a search
  path is specified (--processor-path, --processor-module-path), or annotation
  processing is enabled explicitly (-proc:only, -proc:full).
  Use -Xlint:-options to suppress this message.
  Use -proc:none to disable annotation processing.
[INFO] 
[INFO] <<< spring-boot:3.5.10-SNAPSHOT:run (default-cli) < test-compile @ smartsearch <<<
[INFO] 
[INFO] 
[INFO] --- spring-boot:3.5.10-SNAPSHOT:run (default-cli) @ smartsearch ---
[INFO] Attaching agents: []

  .   ____          _            __ _ _
 /\\ / ___'_ __ _ _(_)_ __  __ _ \ \ \ \
( ( )\___ | '_ | '_| | '_ \/ _` | \ \ \ \
 \\/  ___)| |_)| | | | | || (_| |  ) ) ) )
  '  |____| .__|_| |_|_| |_\__, | / / / /
 =========|_|==============|___/=/_/_/_/

 :: Spring Boot ::      (v3.5.10-SNAPSHOT)

19:07:29.242 INFO  [main] c.v.springAI.SmartSearchApplication docId= workerId= - Starting SmartSearchApplication using Java 21.0.12 with PID 62909 (/Users/nasit/Documents/SmartSearch/target/classes started by nasit in /Users/nasit/Documents/SmartSearch)
19:07:29.242 DEBUG [main] c.v.springAI.SmartSearchApplication docId= workerId= - Running with Spring Boot v3.5.10-SNAPSHOT, Spring v6.2.15
19:07:29.243 INFO  [main] c.v.springAI.SmartSearchApplication docId= workerId= - No active profile set, falling back to 1 default profile: "default"
19:07:29.525 INFO  [main] o.s.d.r.c.RepositoryConfigurationDelegate docId= workerId= - Bootstrapping Spring Data JPA repositories in DEFAULT mode.
19:07:29.571 INFO  [main] o.s.d.r.c.RepositoryConfigurationDelegate docId= workerId= - Finished Spring Data repository scanning in 43 ms. Found 1 JPA repository interface.
19:07:29.791 INFO  [main] o.s.b.w.e.tomcat.TomcatWebServer docId= workerId= - Tomcat initialized with port 8080 (http)
19:07:29.796 INFO  [main] o.a.catalina.core.StandardService docId= workerId= - Starting service [Tomcat]
19:07:29.797 INFO  [main] o.a.catalina.core.StandardEngine docId= workerId= - Starting Servlet engine: [Apache Tomcat/10.1.50]
19:07:29.812 INFO  [main] o.a.c.c.C.[Tomcat].[localhost].[/] docId= workerId= - Initializing Spring embedded WebApplicationContext
19:07:29.812 INFO  [main] o.s.b.w.s.c.ServletWebServerApplicationContext docId= workerId= - Root WebApplicationContext: initialization completed in 557 ms
19:07:29.902 INFO  [main] com.zaxxer.hikari.HikariDataSource docId= workerId= - HikariPool-1 - Starting...
19:07:29.958 INFO  [main] com.zaxxer.hikari.pool.HikariPool docId= workerId= - HikariPool-1 - Added connection org.postgresql.jdbc.PgConnection@6e017950
19:07:29.959 INFO  [main] com.zaxxer.hikari.HikariDataSource docId= workerId= - HikariPool-1 - Start completed.
19:07:29.966 INFO  [main] org.flywaydb.core.FlywayExecutor docId= workerId= - Database: jdbc:postgresql://localhost:5435/smartsearch (PostgreSQL 16.15)
19:07:29.970 INFO  [main] o.f.c.i.r.ResourceNameValidator docId= workerId= - 1 SQL migrations were detected but not run because they did not follow the filename convention.
19:07:29.970 INFO  [main] o.f.c.i.r.ResourceNameValidator docId= workerId= - Set 'validateMigrationNaming' to true to fail fast and see a list of the invalid file names.
19:07:29.992 INFO  [main] o.f.core.internal.command.DbValidate docId= workerId= - Successfully validated 8 migrations (execution time 00:00.010s)
19:07:30.012 INFO  [main] o.f.core.internal.command.DbMigrate docId= workerId= - Current version of schema "public": 15
19:07:30.014 INFO  [main] o.f.core.internal.command.DbMigrate docId= workerId= - Schema "public" is up to date. No migration necessary.
19:07:30.024 INFO  [main] com.zaxxer.hikari.HikariDataSource docId= workerId= - HikariPool-2 - Starting...
19:07:30.038 INFO  [main] com.zaxxer.hikari.pool.HikariPool docId= workerId= - HikariPool-2 - Added connection org.postgresql.jdbc.PgConnection@55746340
19:07:30.038 INFO  [main] com.zaxxer.hikari.HikariDataSource docId= workerId= - HikariPool-2 - Start completed.
19:07:30.039 INFO  [main] org.flywaydb.core.FlywayExecutor docId= workerId= - Database: jdbc:postgresql://localhost:5434/smartsearch (PostgreSQL 16.15)
19:07:30.040 INFO  [main] o.f.c.i.r.ResourceNameValidator docId= workerId= - 1 SQL migrations were detected but not run because they did not follow the filename convention.
19:07:30.040 INFO  [main] o.f.c.i.r.ResourceNameValidator docId= workerId= - Set 'validateMigrationNaming' to true to fail fast and see a list of the invalid file names.
19:07:30.050 INFO  [main] o.f.core.internal.command.DbValidate docId= workerId= - Successfully validated 8 migrations (execution time 00:00.004s)
19:07:30.071 INFO  [main] o.f.core.internal.command.DbMigrate docId= workerId= - Current version of schema "public": 15
19:07:30.072 INFO  [main] o.f.core.internal.command.DbMigrate docId= workerId= - Schema "public" is up to date. No migration necessary.
19:07:30.097 INFO  [main] o.h.jpa.internal.util.LogHelper docId= workerId= - HHH000204: Processing PersistenceUnitInfo [name: default]
19:07:30.110 INFO  [main] org.hibernate.Version docId= workerId= - HHH000412: Hibernate ORM core version 6.6.41.Final
19:07:30.118 INFO  [main] o.h.c.i.RegionFactoryInitiator docId= workerId= - HHH000026: Second-level cache disabled
19:07:30.186 INFO  [main] o.s.o.j.p.SpringPersistenceUnitInfo docId= workerId= - No LoadTimeWeaver setup: ignoring JPA class transformer
19:07:30.190 WARN  [main] org.hibernate.orm.deprecation docId= workerId= - HHH90000021: Encountered deprecated setting [hibernate.temp.use_jdbc_metadata_defaults], use [hibernate.boot.allow_jdbc_metadata_access] instead
19:07:30.195 WARN  [main] org.hibernate.orm.deprecation docId= workerId= - HHH90000025: PostgreSQLDialect does not need to be specified explicitly using 'hibernate.dialect' (remove the property setting and it will be selected by default)
19:07:30.198 INFO  [main] o.hibernate.orm.connections.pooling docId= workerId= - HHH10001005: Database info:
	Database JDBC URL [undefined/unknown]
	Database driver: undefined/unknown
	Database version: 12.0
	Autocommit mode: undefined/unknown
	Isolation level: <unknown>
	Minimum pool size: undefined/unknown
	Maximum pool size: undefined/unknown
19:07:30.200 DEBUG [main] o.h.t.d.sql.spi.DdlTypeRegistry docId= workerId= - addDescriptor(2003, org.hibernate.type.descriptor.sql.internal.ArrayDdlTypeImpl@7e532f2d) replaced previous registration(org.hibernate.type.descriptor.sql.internal.ArrayDdlTypeImpl@42150951)
19:07:30.201 DEBUG [main] o.h.t.d.sql.spi.DdlTypeRegistry docId= workerId= - addDescriptor(6, org.hibernate.type.descriptor.sql.internal.CapacityDependentDdlType@248b2091) replaced previous registration(org.hibernate.type.descriptor.sql.internal.DdlTypeImpl@3b0c38f2)
19:07:30.421 INFO  [main] o.h.e.t.j.p.i.JtaPlatformInitiator docId= workerId= - HHH000489: No JTA platform available (set 'hibernate.transaction.jta.platform' to enable JTA platform integration)
19:07:30.422 INFO  [main] o.s.o.j.LocalContainerEntityManagerFactoryBean docId= workerId= - Initialized JPA EntityManagerFactory for persistence unit 'default'
19:07:30.578 INFO  [main] o.s.d.j.r.query.QueryEnhancerFactory docId= workerId= - Hibernate is in classpath; If applicable, HQL parser will be used.
19:07:30.840 INFO  [main] c.v.springAI.core.IngestConsumer docId= workerId= - 🔥 IngestConsumer bean created
19:07:30.843 INFO  [main] c.v.s.c.KafkaErrorHandlingConfig docId= workerId= - ✅ KafkaErrorHandlingConfig LOADED
19:07:30.846 INFO  [main] c.v.s.c.KafkaErrorHandlingConfig docId= workerId= - ✅ Using custom DeadLetterPublishingRecoverer with FAILED-persist + metrics
19:07:30.848 INFO  [main] c.v.s.c.KafkaErrorHandlingConfig docId= workerId= - ✅ smartsearchErrorHandler wired
19:07:30.848 INFO  [main] c.v.s.c.KafkaErrorHandlingConfig docId= workerId= - ✅ smartsearchKafkaListenerContainerFactory created
19:07:30.905 INFO  [main] o.s.b.w.e.tomcat.TomcatWebServer docId= workerId= - Tomcat started on port 8080 (http) with context path '/'
19:07:30.918 INFO  [main] o.a.k.c.consumer.ConsumerConfig docId= workerId= - ConsumerConfig values: 
	allow.auto.create.topics = true
	auto.commit.interval.ms = 5000
	auto.include.jmx.reporter = true
	auto.offset.reset = earliest
	bootstrap.servers = [localhost:9092]
	check.crcs = true
	client.dns.lookup = use_all_dns_ips
	client.id = consumer-smartsearch-workers-1
	client.rack = 
	connections.max.idle.ms = 540000
	default.api.timeout.ms = 60000
	enable.auto.commit = false
	enable.metrics.push = true
	exclude.internal.topics = true
	fetch.max.bytes = 52428800
	fetch.max.wait.ms = 500
	fetch.min.bytes = 1
	group.id = smartsearch-workers
	group.instance.id = null
	group.protocol = classic
	group.remote.assignor = null
	heartbeat.interval.ms = 3000
	interceptor.classes = []
	internal.leave.group.on.close = true
	internal.throw.on.fetch.stable.offset.unsupported = false
	isolation.level = read_uncommitted
	key.deserializer = class org.springframework.kafka.support.serializer.ErrorHandlingDeserializer
	max.partition.fetch.bytes = 52428800
	max.poll.interval.ms = 1800000
	max.poll.records = 1
	metadata.max.age.ms = 300000
	metadata.recovery.strategy = none
	metric.reporters = []
	metrics.num.samples = 2
	metrics.recording.level = INFO
	metrics.sample.window.ms = 30000
	partition.assignment.strategy = [class org.apache.kafka.clients.consumer.RangeAssignor, class org.apache.kafka.clients.consumer.CooperativeStickyAssignor]
	receive.buffer.bytes = 65536
	reconnect.backoff.max.ms = 1000
	reconnect.backoff.ms = 50
	request.timeout.ms = 30000
	retry.backoff.max.ms = 1000
	retry.backoff.ms = 100
	sasl.client.callback.handler.class = null
	sasl.jaas.config = null
	sasl.kerberos.kinit.cmd = /usr/bin/kinit
	sasl.kerberos.min.time.before.relogin = 60000
	sasl.kerberos.service.name = null
	sasl.kerberos.ticket.renew.jitter = 0.05
	sasl.kerberos.ticket.renew.window.factor = 0.8
	sasl.login.callback.handler.class = null
	sasl.login.class = null
	sasl.login.connect.timeout.ms = null
	sasl.login.read.timeout.ms = null
	sasl.login.refresh.buffer.seconds = 300
	sasl.login.refresh.min.period.seconds = 60
	sasl.login.refresh.window.factor = 0.8
	sasl.login.refresh.window.jitter = 0.05
	sasl.login.retry.backoff.max.ms = 10000
	sasl.login.retry.backoff.ms = 100
	sasl.mechanism = GSSAPI
	sasl.oauthbearer.clock.skew.seconds = 30
	sasl.oauthbearer.expected.audience = null
	sasl.oauthbearer.expected.issuer = null
	sasl.oauthbearer.header.urlencode = false
	sasl.oauthbearer.jwks.endpoint.refresh.ms = 3600000
	sasl.oauthbearer.jwks.endpoint.retry.backoff.max.ms = 10000
	sasl.oauthbearer.jwks.endpoint.retry.backoff.ms = 100
	sasl.oauthbearer.jwks.endpoint.url = null
	sasl.oauthbearer.scope.claim.name = scope
	sasl.oauthbearer.sub.claim.name = sub
	sasl.oauthbearer.token.endpoint.url = null
	security.protocol = PLAINTEXT
	security.providers = null
	send.buffer.bytes = 131072
	session.timeout.ms = 45000
	socket.connection.setup.timeout.max.ms = 30000
	socket.connection.setup.timeout.ms = 10000
	ssl.cipher.suites = null
	ssl.enabled.protocols = [TLSv1.2, TLSv1.3]
	ssl.endpoint.identification.algorithm = https
	ssl.engine.factory.class = null
	ssl.key.password = null
	ssl.keymanager.algorithm = SunX509
	ssl.keystore.certificate.chain = null
	ssl.keystore.key = null
	ssl.keystore.location = null
	ssl.keystore.password = null
	ssl.keystore.type = JKS
	ssl.protocol = TLSv1.3
	ssl.provider = null
	ssl.secure.random.implementation = null
	ssl.trustmanager.algorithm = PKIX
	ssl.truststore.certificates = null
	ssl.truststore.location = null
	ssl.truststore.password = null
	ssl.truststore.type = JKS
	value.deserializer = class org.springframework.kafka.support.serializer.ErrorHandlingDeserializer

19:07:30.932 INFO  [main] o.a.k.c.t.i.KafkaMetricsCollector docId= workerId= - initializing Kafka metrics collector
19:07:30.980 INFO  [main] o.a.kafka.common.utils.AppInfoParser docId= workerId= - Kafka version: 3.9.1
19:07:30.980 INFO  [main] o.a.kafka.common.utils.AppInfoParser docId= workerId= - Kafka commitId: f745dfdcee2b9851
19:07:30.980 INFO  [main] o.a.kafka.common.utils.AppInfoParser docId= workerId= - Kafka startTimeMs: 1787450850979
19:07:30.983 INFO  [main] o.a.k.c.c.i.ClassicKafkaConsumer docId= workerId= - [Consumer clientId=consumer-smartsearch-workers-1, groupId=smartsearch-workers] Subscribed to topic(s): smartsearch.ingest.v6
19:07:30.985 INFO  [main] o.a.k.c.consumer.ConsumerConfig docId= workerId= - ConsumerConfig values: 
	allow.auto.create.topics = true
	auto.commit.interval.ms = 5000
	auto.include.jmx.reporter = true
	auto.offset.reset = earliest
	bootstrap.servers = [localhost:9092]
	check.crcs = true
	client.dns.lookup = use_all_dns_ips
	client.id = consumer-smartsearch-workers-2
	client.rack = 
	connections.max.idle.ms = 540000
	default.api.timeout.ms = 60000
	enable.auto.commit = false
	enable.metrics.push = true
	exclude.internal.topics = true
	fetch.max.bytes = 52428800
	fetch.max.wait.ms = 500
	fetch.min.bytes = 1
	group.id = smartsearch-workers
	group.instance.id = null
	group.protocol = classic
	group.remote.assignor = null
	heartbeat.interval.ms = 3000
	interceptor.classes = []
	internal.leave.group.on.close = true
	internal.throw.on.fetch.stable.offset.unsupported = false
	isolation.level = read_uncommitted
	key.deserializer = class org.springframework.kafka.support.serializer.ErrorHandlingDeserializer
	max.partition.fetch.bytes = 52428800
	max.poll.interval.ms = 1800000
	max.poll.records = 1
	metadata.max.age.ms = 300000
	metadata.recovery.strategy = none
	metric.reporters = []
	metrics.num.samples = 2
	metrics.recording.level = INFO
	metrics.sample.window.ms = 30000
	partition.assignment.strategy = [class org.apache.kafka.clients.consumer.RangeAssignor, class org.apache.kafka.clients.consumer.CooperativeStickyAssignor]
	receive.buffer.bytes = 65536
	reconnect.backoff.max.ms = 1000
	reconnect.backoff.ms = 50
	request.timeout.ms = 30000
	retry.backoff.max.ms = 1000
	retry.backoff.ms = 100
	sasl.client.callback.handler.class = null
	sasl.jaas.config = null
	sasl.kerberos.kinit.cmd = /usr/bin/kinit
	sasl.kerberos.min.time.before.relogin = 60000
	sasl.kerberos.service.name = null
	sasl.kerberos.ticket.renew.jitter = 0.05
	sasl.kerberos.ticket.renew.window.factor = 0.8
	sasl.login.callback.handler.class = null
	sasl.login.class = null
	sasl.login.connect.timeout.ms = null
	sasl.login.read.timeout.ms = null
	sasl.login.refresh.buffer.seconds = 300
	sasl.login.refresh.min.period.seconds = 60
	sasl.login.refresh.window.factor = 0.8
	sasl.login.refresh.window.jitter = 0.05
	sasl.login.retry.backoff.max.ms = 10000
	sasl.login.retry.backoff.ms = 100
	sasl.mechanism = GSSAPI
	sasl.oauthbearer.clock.skew.seconds = 30
	sasl.oauthbearer.expected.audience = null
	sasl.oauthbearer.expected.issuer = null
	sasl.oauthbearer.header.urlencode = false
	sasl.oauthbearer.jwks.endpoint.refresh.ms = 3600000
	sasl.oauthbearer.jwks.endpoint.retry.backoff.max.ms = 10000
	sasl.oauthbearer.jwks.endpoint.retry.backoff.ms = 100
	sasl.oauthbearer.jwks.endpoint.url = null
	sasl.oauthbearer.scope.claim.name = scope
	sasl.oauthbearer.sub.claim.name = sub
	sasl.oauthbearer.token.endpoint.url = null
	security.protocol = PLAINTEXT
	security.providers = null
	send.buffer.bytes = 131072
	session.timeout.ms = 45000
	socket.connection.setup.timeout.max.ms = 30000
	socket.connection.setup.timeout.ms = 10000
	ssl.cipher.suites = null
	ssl.enabled.protocols = [TLSv1.2, TLSv1.3]
	ssl.endpoint.identification.algorithm = https
	ssl.engine.factory.class = null
	ssl.key.password = null
	ssl.keymanager.algorithm = SunX509
	ssl.keystore.certificate.chain = null
	ssl.keystore.key = null
	ssl.keystore.location = null
	ssl.keystore.password = null
	ssl.keystore.type = JKS
	ssl.protocol = TLSv1.3
	ssl.provider = null
	ssl.secure.random.implementation = null
	ssl.trustmanager.algorithm = PKIX
	ssl.truststore.certificates = null
	ssl.truststore.location = null
	ssl.truststore.password = null
	ssl.truststore.type = JKS
	value.deserializer = class org.springframework.kafka.support.serializer.ErrorHandlingDeserializer

19:07:30.985 INFO  [main] o.a.k.c.t.i.KafkaMetricsCollector docId= workerId= - initializing Kafka metrics collector
19:07:30.987 INFO  [main] o.a.kafka.common.utils.AppInfoParser docId= workerId= - Kafka version: 3.9.1
19:07:30.988 INFO  [main] o.a.kafka.common.utils.AppInfoParser docId= workerId= - Kafka commitId: f745dfdcee2b9851
19:07:30.988 INFO  [main] o.a.kafka.common.utils.AppInfoParser docId= workerId= - Kafka startTimeMs: 1787450850987
19:07:30.990 INFO  [main] o.a.k.c.c.i.ClassicKafkaConsumer docId= workerId= - [Consumer clientId=consumer-smartsearch-workers-2, groupId=smartsearch-workers] Subscribed to topic(s): smartsearch.ingest.v6
19:07:30.990 INFO  [main] o.a.k.c.consumer.ConsumerConfig docId= workerId= - ConsumerConfig values: 
	allow.auto.create.topics = true
	auto.commit.interval.ms = 5000
	auto.include.jmx.reporter = true
	auto.offset.reset = earliest
	bootstrap.servers = [localhost:9092]
	check.crcs = true
	client.dns.lookup = use_all_dns_ips
	client.id = consumer-smartsearch-workers-3
	client.rack = 
	connections.max.idle.ms = 540000
	default.api.timeout.ms = 60000
	enable.auto.commit = false
	enable.metrics.push = true
	exclude.internal.topics = true
	fetch.max.bytes = 52428800
	fetch.max.wait.ms = 500
	fetch.min.bytes = 1
	group.id = smartsearch-workers
	group.instance.id = null
	group.protocol = classic
	group.remote.assignor = null
	heartbeat.interval.ms = 3000
	interceptor.classes = []
	internal.leave.group.on.close = true
	internal.throw.on.fetch.stable.offset.unsupported = false
	isolation.level = read_uncommitted
	key.deserializer = class org.springframework.kafka.support.serializer.ErrorHandlingDeserializer
	max.partition.fetch.bytes = 52428800
	max.poll.interval.ms = 1800000
	max.poll.records = 1
	metadata.max.age.ms = 300000
	metadata.recovery.strategy = none
	metric.reporters = []
	metrics.num.samples = 2
	metrics.recording.level = INFO
	metrics.sample.window.ms = 30000
	partition.assignment.strategy = [class org.apache.kafka.clients.consumer.RangeAssignor, class org.apache.kafka.clients.consumer.CooperativeStickyAssignor]
	receive.buffer.bytes = 65536
	reconnect.backoff.max.ms = 1000
	reconnect.backoff.ms = 50
	request.timeout.ms = 30000
	retry.backoff.max.ms = 1000
	retry.backoff.ms = 100
	sasl.client.callback.handler.class = null
	sasl.jaas.config = null
	sasl.kerberos.kinit.cmd = /usr/bin/kinit
	sasl.kerberos.min.time.before.relogin = 60000
	sasl.kerberos.service.name = null
	sasl.kerberos.ticket.renew.jitter = 0.05
	sasl.kerberos.ticket.renew.window.factor = 0.8
	sasl.login.callback.handler.class = null
	sasl.login.class = null
	sasl.login.connect.timeout.ms = null
	sasl.login.read.timeout.ms = null
	sasl.login.refresh.buffer.seconds = 300
	sasl.login.refresh.min.period.seconds = 60
	sasl.login.refresh.window.factor = 0.8
	sasl.login.refresh.window.jitter = 0.05
	sasl.login.retry.backoff.max.ms = 10000
	sasl.login.retry.backoff.ms = 100
	sasl.mechanism = GSSAPI
	sasl.oauthbearer.clock.skew.seconds = 30
	sasl.oauthbearer.expected.audience = null
	sasl.oauthbearer.expected.issuer = null
	sasl.oauthbearer.header.urlencode = false
	sasl.oauthbearer.jwks.endpoint.refresh.ms = 3600000
	sasl.oauthbearer.jwks.endpoint.retry.backoff.max.ms = 10000
	sasl.oauthbearer.jwks.endpoint.retry.backoff.ms = 100
	sasl.oauthbearer.jwks.endpoint.url = null
	sasl.oauthbearer.scope.claim.name = scope
	sasl.oauthbearer.sub.claim.name = sub
	sasl.oauthbearer.token.endpoint.url = null
	security.protocol = PLAINTEXT
	security.providers = null
	send.buffer.bytes = 131072
	session.timeout.ms = 45000
	socket.connection.setup.timeout.max.ms = 30000
	socket.connection.setup.timeout.ms = 10000
	ssl.cipher.suites = null
	ssl.enabled.protocols = [TLSv1.2, TLSv1.3]
	ssl.endpoint.identification.algorithm = https
	ssl.engine.factory.class = null
	ssl.key.password = null
	ssl.keymanager.algorithm = SunX509
	ssl.keystore.certificate.chain = null
	ssl.keystore.key = null
	ssl.keystore.location = null
	ssl.keystore.password = null
	ssl.keystore.type = JKS
	ssl.protocol = TLSv1.3
	ssl.provider = null
	ssl.secure.random.implementation = null
	ssl.trustmanager.algorithm = PKIX
	ssl.truststore.certificates = null
	ssl.truststore.location = null
	ssl.truststore.password = null
	ssl.truststore.type = JKS
	value.deserializer = class org.springframework.kafka.support.serializer.ErrorHandlingDeserializer

19:07:30.990 INFO  [main] o.a.k.c.t.i.KafkaMetricsCollector docId= workerId= - initializing Kafka metrics collector
19:07:30.992 INFO  [main] o.a.kafka.common.utils.AppInfoParser docId= workerId= - Kafka version: 3.9.1
19:07:30.993 INFO  [main] o.a.kafka.common.utils.AppInfoParser docId= workerId= - Kafka commitId: f745dfdcee2b9851
19:07:30.993 INFO  [main] o.a.kafka.common.utils.AppInfoParser docId= workerId= - Kafka startTimeMs: 1787450850992
19:07:30.994 INFO  [main] o.a.k.c.c.i.ClassicKafkaConsumer docId= workerId= - [Consumer clientId=consumer-smartsearch-workers-3, groupId=smartsearch-workers] Subscribed to topic(s): smartsearch.ingest.v6
19:07:30.994 INFO  [main] o.a.k.c.consumer.ConsumerConfig docId= workerId= - ConsumerConfig values: 
	allow.auto.create.topics = true
	auto.commit.interval.ms = 5000
	auto.include.jmx.reporter = true
	auto.offset.reset = earliest
	bootstrap.servers = [localhost:9092]
	check.crcs = true
	client.dns.lookup = use_all_dns_ips
	client.id = consumer-smartsearch-workers-4
	client.rack = 
	connections.max.idle.ms = 540000
	default.api.timeout.ms = 60000
	enable.auto.commit = false
	enable.metrics.push = true
	exclude.internal.topics = true
	fetch.max.bytes = 52428800
	fetch.max.wait.ms = 500
	fetch.min.bytes = 1
	group.id = smartsearch-workers
	group.instance.id = null
	group.protocol = classic
	group.remote.assignor = null
	heartbeat.interval.ms = 3000
	interceptor.classes = []
	internal.leave.group.on.close = true
	internal.throw.on.fetch.stable.offset.unsupported = false
	isolation.level = read_uncommitted
	key.deserializer = class org.springframework.kafka.support.serializer.ErrorHandlingDeserializer
	max.partition.fetch.bytes = 52428800
	max.poll.interval.ms = 1800000
	max.poll.records = 1
	metadata.max.age.ms = 300000
	metadata.recovery.strategy = none
	metric.reporters = []
	metrics.num.samples = 2
	metrics.recording.level = INFO
	metrics.sample.window.ms = 30000
	partition.assignment.strategy = [class org.apache.kafka.clients.consumer.RangeAssignor, class org.apache.kafka.clients.consumer.CooperativeStickyAssignor]
	receive.buffer.bytes = 65536
	reconnect.backoff.max.ms = 1000
	reconnect.backoff.ms = 50
	request.timeout.ms = 30000
	retry.backoff.max.ms = 1000
	retry.backoff.ms = 100
	sasl.client.callback.handler.class = null
	sasl.jaas.config = null
	sasl.kerberos.kinit.cmd = /usr/bin/kinit
	sasl.kerberos.min.time.before.relogin = 60000
	sasl.kerberos.service.name = null
	sasl.kerberos.ticket.renew.jitter = 0.05
	sasl.kerberos.ticket.renew.window.factor = 0.8
	sasl.login.callback.handler.class = null
	sasl.login.class = null
	sasl.login.connect.timeout.ms = null
	sasl.login.read.timeout.ms = null
	sasl.login.refresh.buffer.seconds = 300
	sasl.login.refresh.min.period.seconds = 60
	sasl.login.refresh.window.factor = 0.8
	sasl.login.refresh.window.jitter = 0.05
	sasl.login.retry.backoff.max.ms = 10000
	sasl.login.retry.backoff.ms = 100
	sasl.mechanism = GSSAPI
	sasl.oauthbearer.clock.skew.seconds = 30
	sasl.oauthbearer.expected.audience = null
	sasl.oauthbearer.expected.issuer = null
	sasl.oauthbearer.header.urlencode = false
	sasl.oauthbearer.jwks.endpoint.refresh.ms = 3600000
	sasl.oauthbearer.jwks.endpoint.retry.backoff.max.ms = 10000
	sasl.oauthbearer.jwks.endpoint.retry.backoff.ms = 100
	sasl.oauthbearer.jwks.endpoint.url = null
	sasl.oauthbearer.scope.claim.name = scope
	sasl.oauthbearer.sub.claim.name = sub
	sasl.oauthbearer.token.endpoint.url = null
	security.protocol = PLAINTEXT
	security.providers = null
	send.buffer.bytes = 131072
	session.timeout.ms = 45000
	socket.connection.setup.timeout.max.ms = 30000
	socket.connection.setup.timeout.ms = 10000
	ssl.cipher.suites = null
	ssl.enabled.protocols = [TLSv1.2, TLSv1.3]
	ssl.endpoint.identification.algorithm = https
	ssl.engine.factory.class = null
	ssl.key.password = null
	ssl.keymanager.algorithm = SunX509
	ssl.keystore.certificate.chain = null
	ssl.keystore.key = null
	ssl.keystore.location = null
	ssl.keystore.password = null
	ssl.keystore.type = JKS
	ssl.protocol = TLSv1.3
	ssl.provider = null
	ssl.secure.random.implementation = null
	ssl.trustmanager.algorithm = PKIX
	ssl.truststore.certificates = null
	ssl.truststore.location = null
	ssl.truststore.password = null
	ssl.truststore.type = JKS
	value.deserializer = class org.springframework.kafka.support.serializer.ErrorHandlingDeserializer

19:07:30.995 INFO  [main] o.a.k.c.t.i.KafkaMetricsCollector docId= workerId= - initializing Kafka metrics collector
19:07:30.996 INFO  [main] o.a.kafka.common.utils.AppInfoParser docId= workerId= - Kafka version: 3.9.1
19:07:30.996 INFO  [main] o.a.kafka.common.utils.AppInfoParser docId= workerId= - Kafka commitId: f745dfdcee2b9851
19:07:30.996 INFO  [main] o.a.kafka.common.utils.AppInfoParser docId= workerId= - Kafka startTimeMs: 1787450850996
19:07:30.997 INFO  [main] o.a.k.c.c.i.ClassicKafkaConsumer docId= workerId= - [Consumer clientId=consumer-smartsearch-workers-4, groupId=smartsearch-workers] Subscribed to topic(s): smartsearch.ingest.v6
19:07:31.002 WARN  [main] o.s.b.a.o.j.JpaBaseConfiguration$JpaWebConfiguration docId= workerId= - spring.jpa.open-in-view is enabled by default. Therefore, database queries may be performed during view rendering. Explicitly configure spring.jpa.open-in-view to disable this warning
19:07:31.067 INFO  [main] o.s.b.a.e.web.EndpointLinksResolver docId= workerId= - Exposing 4 endpoints beneath base path '/actuator'
19:07:31.074 INFO  [main] c.v.springAI.SmartSearchApplication docId= workerId= - Started SmartSearchApplication in 1.956 seconds (process running for 2.053)
19:07:31.078 INFO  [main] c.v.springAI.core.KafkaInfraCheck docId= workerId= - 🧩 Kafka listener annotation processor present? true
19:07:31.078 INFO  [main] c.v.springAI.core.KafkaInfraCheck docId= workerId= - 🧩 Processor class: org.springframework.kafka.annotation.KafkaListenerAnnotationBeanPostProcessor
19:07:31.078 INFO  [main] c.v.springAI.core.KafkaListenerDebug docId= workerId= - 🎧 Kafka container: id=org.springframework.kafka.KafkaListenerEndpointContainer#0 running=true groupId=smartsearch-workers topics=[smartsearch.ingest.v6]
19:07:31.119 INFO  [org.springframework.kafka.KafkaListenerEndpointContainer#0-1-C-1] org.apache.kafka.clients.Metadata docId= workerId= - [Consumer clientId=consumer-smartsearch-workers-2, groupId=smartsearch-workers] Cluster ID: 9RPQUxsLTR6NekGI38xVDw
19:07:31.119 INFO  [org.springframework.kafka.KafkaListenerEndpointContainer#0-2-C-1] org.apache.kafka.clients.Metadata docId= workerId= - [Consumer clientId=consumer-smartsearch-workers-3, groupId=smartsearch-workers] Cluster ID: 9RPQUxsLTR6NekGI38xVDw
19:07:31.119 INFO  [org.springframework.kafka.KafkaListenerEndpointContainer#0-0-C-1] org.apache.kafka.clients.Metadata docId= workerId= - [Consumer clientId=consumer-smartsearch-workers-1, groupId=smartsearch-workers] Cluster ID: 9RPQUxsLTR6NekGI38xVDw
19:07:31.119 INFO  [org.springframework.kafka.KafkaListenerEndpointContainer#0-3-C-1] org.apache.kafka.clients.Metadata docId= workerId= - [Consumer clientId=consumer-smartsearch-workers-4, groupId=smartsearch-workers] Cluster ID: 9RPQUxsLTR6NekGI38xVDw
19:07:31.119 INFO  [org.springframework.kafka.KafkaListenerEndpointContainer#0-2-C-1] o.a.k.c.c.i.ConsumerCoordinator docId= workerId= - [Consumer clientId=consumer-smartsearch-workers-3, groupId=smartsearch-workers] Discovered group coordinator localhost:9092 (id: 2147483646 rack: null)
19:07:31.119 INFO  [org.springframework.kafka.KafkaListenerEndpointContainer#0-3-C-1] o.a.k.c.c.i.ConsumerCoordinator docId= workerId= - [Consumer clientId=consumer-smartsearch-workers-4, groupId=smartsearch-workers] Discovered group coordinator localhost:9092 (id: 2147483646 rack: null)
19:07:31.119 INFO  [org.springframework.kafka.KafkaListenerEndpointContainer#0-0-C-1] o.a.k.c.c.i.ConsumerCoordinator docId= workerId= - [Consumer clientId=consumer-smartsearch-workers-1, groupId=smartsearch-workers] Discovered group coordinator localhost:9092 (id: 2147483646 rack: null)
19:07:31.119 INFO  [org.springframework.kafka.KafkaListenerEndpointContainer#0-1-C-1] o.a.k.c.c.i.ConsumerCoordinator docId= workerId= - [Consumer clientId=consumer-smartsearch-workers-2, groupId=smartsearch-workers] Discovered group coordinator localhost:9092 (id: 2147483646 rack: null)
19:07:31.120 INFO  [org.springframework.kafka.KafkaListenerEndpointContainer#0-0-C-1] o.a.k.c.c.i.ConsumerCoordinator docId= workerId= - [Consumer clientId=consumer-smartsearch-workers-1, groupId=smartsearch-workers] (Re-)joining group
19:07:31.120 INFO  [org.springframework.kafka.KafkaListenerEndpointContainer#0-1-C-1] o.a.k.c.c.i.ConsumerCoordinator docId= workerId= - [Consumer clientId=consumer-smartsearch-workers-2, groupId=smartsearch-workers] (Re-)joining group
19:07:31.120 INFO  [org.springframework.kafka.KafkaListenerEndpointContainer#0-2-C-1] o.a.k.c.c.i.ConsumerCoordinator docId= workerId= - [Consumer clientId=consumer-smartsearch-workers-3, groupId=smartsearch-workers] (Re-)joining group
19:07:31.120 INFO  [org.springframework.kafka.KafkaListenerEndpointContainer#0-3-C-1] o.a.k.c.c.i.ConsumerCoordinator docId= workerId= - [Consumer clientId=consumer-smartsearch-workers-4, groupId=smartsearch-workers] (Re-)joining group
19:07:31.129 INFO  [org.springframework.kafka.KafkaListenerEndpointContainer#0-1-C-1] o.a.k.c.c.i.ConsumerCoordinator docId= workerId= - [Consumer clientId=consumer-smartsearch-workers-2, groupId=smartsearch-workers] Request joining group due to: need to re-join with the given member-id: consumer-smartsearch-workers-2-f81dba67-ce4d-4125-9f32-b71cc3afaccc
19:07:31.129 INFO  [org.springframework.kafka.KafkaListenerEndpointContainer#0-1-C-1] o.a.k.c.c.i.ConsumerCoordinator docId= workerId= - [Consumer clientId=consumer-smartsearch-workers-2, groupId=smartsearch-workers] (Re-)joining group
19:07:31.129 INFO  [org.springframework.kafka.KafkaListenerEndpointContainer#0-0-C-1] o.a.k.c.c.i.ConsumerCoordinator docId= workerId= - [Consumer clientId=consumer-smartsearch-workers-1, groupId=smartsearch-workers] Request joining group due to: need to re-join with the given member-id: consumer-smartsearch-workers-1-178d25eb-a44a-43ee-b019-c0ad4d52f403
19:07:31.129 INFO  [org.springframework.kafka.KafkaListenerEndpointContainer#0-3-C-1] o.a.k.c.c.i.ConsumerCoordinator docId= workerId= - [Consumer clientId=consumer-smartsearch-workers-4, groupId=smartsearch-workers] Request joining group due to: need to re-join with the given member-id: consumer-smartsearch-workers-4-00eb6211-57ec-4d24-a54f-28bef02f131f
19:07:31.129 INFO  [org.springframework.kafka.KafkaListenerEndpointContainer#0-0-C-1] o.a.k.c.c.i.ConsumerCoordinator docId= workerId= - [Consumer clientId=consumer-smartsearch-workers-1, groupId=smartsearch-workers] (Re-)joining group
19:07:31.129 INFO  [org.springframework.kafka.KafkaListenerEndpointContainer#0-3-C-1] o.a.k.c.c.i.ConsumerCoordinator docId= workerId= - [Consumer clientId=consumer-smartsearch-workers-4, groupId=smartsearch-workers] (Re-)joining group
19:07:31.129 INFO  [org.springframework.kafka.KafkaListenerEndpointContainer#0-2-C-1] o.a.k.c.c.i.ConsumerCoordinator docId= workerId= - [Consumer clientId=consumer-smartsearch-workers-3, groupId=smartsearch-workers] Request joining group due to: need to re-join with the given member-id: consumer-smartsearch-workers-3-58b89476-c800-4152-85ab-248fe38c852b
19:07:31.129 INFO  [org.springframework.kafka.KafkaListenerEndpointContainer#0-2-C-1] o.a.k.c.c.i.ConsumerCoordinator docId= workerId= - [Consumer clientId=consumer-smartsearch-workers-3, groupId=smartsearch-workers] (Re-)joining group
19:07:31.132 INFO  [org.springframework.kafka.KafkaListenerEndpointContainer#0-1-C-1] o.a.k.c.c.i.ConsumerCoordinator docId= workerId= - [Consumer clientId=consumer-smartsearch-workers-2, groupId=smartsearch-workers] Successfully joined group with generation Generation{generationId=105, memberId='consumer-smartsearch-workers-2-f81dba67-ce4d-4125-9f32-b71cc3afaccc', protocol='range'}
19:07:31.132 INFO  [org.springframework.kafka.KafkaListenerEndpointContainer#0-3-C-1] o.a.k.c.c.i.ConsumerCoordinator docId= workerId= - [Consumer clientId=consumer-smartsearch-workers-4, groupId=smartsearch-workers] Successfully joined group with generation Generation{generationId=105, memberId='consumer-smartsearch-workers-4-00eb6211-57ec-4d24-a54f-28bef02f131f', protocol='range'}
19:07:31.132 INFO  [org.springframework.kafka.KafkaListenerEndpointContainer#0-0-C-1] o.a.k.c.c.i.ConsumerCoordinator docId= workerId= - [Consumer clientId=consumer-smartsearch-workers-1, groupId=smartsearch-workers] Successfully joined group with generation Generation{generationId=105, memberId='consumer-smartsearch-workers-1-178d25eb-a44a-43ee-b019-c0ad4d52f403', protocol='range'}
19:07:31.133 INFO  [org.springframework.kafka.KafkaListenerEndpointContainer#0-3-C-1] o.a.k.c.c.i.ConsumerCoordinator docId= workerId= - [Consumer clientId=consumer-smartsearch-workers-4, groupId=smartsearch-workers] SyncGroup failed: The group began another rebalance. Need to re-join the group. Sent generation was Generation{generationId=105, memberId='consumer-smartsearch-workers-4-00eb6211-57ec-4d24-a54f-28bef02f131f', protocol='range'}
19:07:31.133 INFO  [org.springframework.kafka.KafkaListenerEndpointContainer#0-0-C-1] o.a.k.c.c.i.ConsumerCoordinator docId= workerId= - [Consumer clientId=consumer-smartsearch-workers-1, groupId=smartsearch-workers] SyncGroup failed: The group began another rebalance. Need to re-join the group. Sent generation was Generation{generationId=105, memberId='consumer-smartsearch-workers-1-178d25eb-a44a-43ee-b019-c0ad4d52f403', protocol='range'}
19:07:31.133 INFO  [org.springframework.kafka.KafkaListenerEndpointContainer#0-3-C-1] o.a.k.c.c.i.ConsumerCoordinator docId= workerId= - [Consumer clientId=consumer-smartsearch-workers-4, groupId=smartsearch-workers] Request joining group due to: rebalance failed due to 'The group is rebalancing, so a rejoin is needed.' (RebalanceInProgressException)
19:07:31.133 INFO  [org.springframework.kafka.KafkaListenerEndpointContainer#0-0-C-1] o.a.k.c.c.i.ConsumerCoordinator docId= workerId= - [Consumer clientId=consumer-smartsearch-workers-1, groupId=smartsearch-workers] Request joining group due to: rebalance failed due to 'The group is rebalancing, so a rejoin is needed.' (RebalanceInProgressException)
19:07:31.133 INFO  [org.springframework.kafka.KafkaListenerEndpointContainer#0-0-C-1] o.a.k.c.c.i.ConsumerCoordinator docId= workerId= - [Consumer clientId=consumer-smartsearch-workers-1, groupId=smartsearch-workers] (Re-)joining group
19:07:31.133 INFO  [org.springframework.kafka.KafkaListenerEndpointContainer#0-3-C-1] o.a.k.c.c.i.ConsumerCoordinator docId= workerId= - [Consumer clientId=consumer-smartsearch-workers-4, groupId=smartsearch-workers] (Re-)joining group
19:07:31.134 INFO  [org.springframework.kafka.KafkaListenerEndpointContainer#0-1-C-1] o.a.k.c.c.i.ConsumerCoordinator docId= workerId= - [Consumer clientId=consumer-smartsearch-workers-2, groupId=smartsearch-workers] Finished assignment for group at generation 105: {consumer-smartsearch-workers-2-f81dba67-ce4d-4125-9f32-b71cc3afaccc=Assignment(partitions=[smartsearch.ingest.v6-2]), consumer-smartsearch-workers-1-178d25eb-a44a-43ee-b019-c0ad4d52f403=Assignment(partitions=[smartsearch.ingest.v6-0, smartsearch.ingest.v6-1]), consumer-smartsearch-workers-4-00eb6211-57ec-4d24-a54f-28bef02f131f=Assignment(partitions=[smartsearch.ingest.v6-3])}
19:07:31.135 INFO  [org.springframework.kafka.KafkaListenerEndpointContainer#0-1-C-1] o.a.k.c.c.i.ConsumerCoordinator docId= workerId= - [Consumer clientId=consumer-smartsearch-workers-2, groupId=smartsearch-workers] SyncGroup failed: The group began another rebalance. Need to re-join the group. Sent generation was Generation{generationId=105, memberId='consumer-smartsearch-workers-2-f81dba67-ce4d-4125-9f32-b71cc3afaccc', protocol='range'}
19:07:31.135 INFO  [org.springframework.kafka.KafkaListenerEndpointContainer#0-1-C-1] o.a.k.c.c.i.ConsumerCoordinator docId= workerId= - [Consumer clientId=consumer-smartsearch-workers-2, groupId=smartsearch-workers] Request joining group due to: rebalance failed due to 'The group is rebalancing, so a rejoin is needed.' (RebalanceInProgressException)
19:07:31.135 INFO  [org.springframework.kafka.KafkaListenerEndpointContainer#0-1-C-1] o.a.k.c.c.i.ConsumerCoordinator docId= workerId= - [Consumer clientId=consumer-smartsearch-workers-2, groupId=smartsearch-workers] (Re-)joining group
19:07:31.137 INFO  [org.springframework.kafka.KafkaListenerEndpointContainer#0-3-C-1] o.a.k.c.c.i.ConsumerCoordinator docId= workerId= - [Consumer clientId=consumer-smartsearch-workers-4, groupId=smartsearch-workers] Successfully joined group with generation Generation{generationId=106, memberId='consumer-smartsearch-workers-4-00eb6211-57ec-4d24-a54f-28bef02f131f', protocol='range'}
19:07:31.137 INFO  [org.springframework.kafka.KafkaListenerEndpointContainer#0-2-C-1] o.a.k.c.c.i.ConsumerCoordinator docId= workerId= - [Consumer clientId=consumer-smartsearch-workers-3, groupId=smartsearch-workers] Successfully joined group with generation Generation{generationId=106, memberId='consumer-smartsearch-workers-3-58b89476-c800-4152-85ab-248fe38c852b', protocol='range'}
19:07:31.137 INFO  [org.springframework.kafka.KafkaListenerEndpointContainer#0-0-C-1] o.a.k.c.c.i.ConsumerCoordinator docId= workerId= - [Consumer clientId=consumer-smartsearch-workers-1, groupId=smartsearch-workers] Successfully joined group with generation Generation{generationId=106, memberId='consumer-smartsearch-workers-1-178d25eb-a44a-43ee-b019-c0ad4d52f403', protocol='range'}
19:07:31.137 INFO  [org.springframework.kafka.KafkaListenerEndpointContainer#0-1-C-1] o.a.k.c.c.i.ConsumerCoordinator docId= workerId= - [Consumer clientId=consumer-smartsearch-workers-2, groupId=smartsearch-workers] Successfully joined group with generation Generation{generationId=106, memberId='consumer-smartsearch-workers-2-f81dba67-ce4d-4125-9f32-b71cc3afaccc', protocol='range'}
19:07:31.137 INFO  [org.springframework.kafka.KafkaListenerEndpointContainer#0-1-C-1] o.a.k.c.c.i.ConsumerCoordinator docId= workerId= - [Consumer clientId=consumer-smartsearch-workers-2, groupId=smartsearch-workers] Finished assignment for group at generation 106: {consumer-smartsearch-workers-2-f81dba67-ce4d-4125-9f32-b71cc3afaccc=Assignment(partitions=[smartsearch.ingest.v6-1]), consumer-smartsearch-workers-1-178d25eb-a44a-43ee-b019-c0ad4d52f403=Assignment(partitions=[smartsearch.ingest.v6-0]), consumer-smartsearch-workers-3-58b89476-c800-4152-85ab-248fe38c852b=Assignment(partitions=[smartsearch.ingest.v6-2]), consumer-smartsearch-workers-4-00eb6211-57ec-4d24-a54f-28bef02f131f=Assignment(partitions=[smartsearch.ingest.v6-3])}
19:07:31.138 INFO  [org.springframework.kafka.KafkaListenerEndpointContainer#0-1-C-1] o.a.k.c.c.i.ConsumerCoordinator docId= workerId= - [Consumer clientId=consumer-smartsearch-workers-2, groupId=smartsearch-workers] Successfully synced group in generation Generation{generationId=106, memberId='consumer-smartsearch-workers-2-f81dba67-ce4d-4125-9f32-b71cc3afaccc', protocol='range'}
19:07:31.138 INFO  [org.springframework.kafka.KafkaListenerEndpointContainer#0-0-C-1] o.a.k.c.c.i.ConsumerCoordinator docId= workerId= - [Consumer clientId=consumer-smartsearch-workers-1, groupId=smartsearch-workers] Successfully synced group in generation Generation{generationId=106, memberId='consumer-smartsearch-workers-1-178d25eb-a44a-43ee-b019-c0ad4d52f403', protocol='range'}
19:07:31.138 INFO  [org.springframework.kafka.KafkaListenerEndpointContainer#0-3-C-1] o.a.k.c.c.i.ConsumerCoordinator docId= workerId= - [Consumer clientId=consumer-smartsearch-workers-4, groupId=smartsearch-workers] Successfully synced group in generation Generation{generationId=106, memberId='consumer-smartsearch-workers-4-00eb6211-57ec-4d24-a54f-28bef02f131f', protocol='range'}
19:07:31.138 INFO  [org.springframework.kafka.KafkaListenerEndpointContainer#0-1-C-1] o.a.k.c.c.i.ConsumerCoordinator docId= workerId= - [Consumer clientId=consumer-smartsearch-workers-2, groupId=smartsearch-workers] Notifying assignor about the new Assignment(partitions=[smartsearch.ingest.v6-1])
19:07:31.138 INFO  [org.springframework.kafka.KafkaListenerEndpointContainer#0-3-C-1] o.a.k.c.c.i.ConsumerCoordinator docId= workerId= - [Consumer clientId=consumer-smartsearch-workers-4, groupId=smartsearch-workers] Notifying assignor about the new Assignment(partitions=[smartsearch.ingest.v6-3])
19:07:31.138 INFO  [org.springframework.kafka.KafkaListenerEndpointContainer#0-2-C-1] o.a.k.c.c.i.ConsumerCoordinator docId= workerId= - [Consumer clientId=consumer-smartsearch-workers-3, groupId=smartsearch-workers] Successfully synced group in generation Generation{generationId=106, memberId='consumer-smartsearch-workers-3-58b89476-c800-4152-85ab-248fe38c852b', protocol='range'}
19:07:31.138 INFO  [org.springframework.kafka.KafkaListenerEndpointContainer#0-2-C-1] o.a.k.c.c.i.ConsumerCoordinator docId= workerId= - [Consumer clientId=consumer-smartsearch-workers-3, groupId=smartsearch-workers] Notifying assignor about the new Assignment(partitions=[smartsearch.ingest.v6-2])
19:07:31.138 INFO  [org.springframework.kafka.KafkaListenerEndpointContainer#0-0-C-1] o.a.k.c.c.i.ConsumerCoordinator docId= workerId= - [Consumer clientId=consumer-smartsearch-workers-1, groupId=smartsearch-workers] Notifying assignor about the new Assignment(partitions=[smartsearch.ingest.v6-0])
19:07:31.139 INFO  [org.springframework.kafka.KafkaListenerEndpointContainer#0-1-C-1] o.a.k.c.c.i.ConsumerRebalanceListenerInvoker docId= workerId= - [Consumer clientId=consumer-smartsearch-workers-2, groupId=smartsearch-workers] Adding newly assigned partitions: smartsearch.ingest.v6-1
19:07:31.139 INFO  [org.springframework.kafka.KafkaListenerEndpointContainer#0-2-C-1] o.a.k.c.c.i.ConsumerRebalanceListenerInvoker docId= workerId= - [Consumer clientId=consumer-smartsearch-workers-3, groupId=smartsearch-workers] Adding newly assigned partitions: smartsearch.ingest.v6-2
19:07:31.139 INFO  [org.springframework.kafka.KafkaListenerEndpointContainer#0-0-C-1] o.a.k.c.c.i.ConsumerRebalanceListenerInvoker docId= workerId= - [Consumer clientId=consumer-smartsearch-workers-1, groupId=smartsearch-workers] Adding newly assigned partitions: smartsearch.ingest.v6-0
19:07:31.139 INFO  [org.springframework.kafka.KafkaListenerEndpointContainer#0-3-C-1] o.a.k.c.c.i.ConsumerRebalanceListenerInvoker docId= workerId= - [Consumer clientId=consumer-smartsearch-workers-4, groupId=smartsearch-workers] Adding newly assigned partitions: smartsearch.ingest.v6-3
19:07:31.142 INFO  [org.springframework.kafka.KafkaListenerEndpointContainer#0-3-C-1] o.a.k.c.c.internals.ConsumerUtils docId= workerId= - Setting offset for partition smartsearch.ingest.v6-3 to the committed offset FetchPosition{offset=903, offsetEpoch=Optional.empty, currentLeader=LeaderAndEpoch{leader=Optional[localhost:9092 (id: 1 rack: null)], epoch=0}}
19:07:31.142 INFO  [org.springframework.kafka.KafkaListenerEndpointContainer#0-0-C-1] o.a.k.c.c.internals.ConsumerUtils docId= workerId= - Setting offset for partition smartsearch.ingest.v6-0 to the committed offset FetchPosition{offset=4174, offsetEpoch=Optional.empty, currentLeader=LeaderAndEpoch{leader=Optional[localhost:9092 (id: 1 rack: null)], epoch=0}}
19:07:31.142 INFO  [org.springframework.kafka.KafkaListenerEndpointContainer#0-1-C-1] o.a.k.c.c.internals.ConsumerUtils docId= workerId= - Setting offset for partition smartsearch.ingest.v6-1 to the committed offset FetchPosition{offset=3835, offsetEpoch=Optional.empty, currentLeader=LeaderAndEpoch{leader=Optional[localhost:9092 (id: 1 rack: null)], epoch=0}}
19:07:31.142 INFO  [org.springframework.kafka.KafkaListenerEndpointContainer#0-2-C-1] o.a.k.c.c.internals.ConsumerUtils docId= workerId= - Setting offset for partition smartsearch.ingest.v6-2 to the committed offset FetchPosition{offset=761, offsetEpoch=Optional.empty, currentLeader=LeaderAndEpoch{leader=Optional[localhost:9092 (id: 1 rack: null)], epoch=0}}
19:07:31.142 INFO  [org.springframework.kafka.KafkaListenerEndpointContainer#0-0-C-1] o.s.k.l.KafkaMessageListenerContainer docId= workerId= - smartsearch-workers: partitions assigned: [smartsearch.ingest.v6-0]
19:07:31.142 INFO  [org.springframework.kafka.KafkaListenerEndpointContainer#0-3-C-1] o.s.k.l.KafkaMessageListenerContainer docId= workerId= - smartsearch-workers: partitions assigned: [smartsearch.ingest.v6-3]
19:07:31.142 INFO  [org.springframework.kafka.KafkaListenerEndpointContainer#0-1-C-1] o.s.k.l.KafkaMessageListenerContainer docId= workerId= - smartsearch-workers: partitions assigned: [smartsearch.ingest.v6-1]
19:07:31.142 INFO  [org.springframework.kafka.KafkaListenerEndpointContainer#0-2-C-1] o.s.k.l.KafkaMessageListenerContainer docId= workerId= - smartsearch-workers: partitions assigned: [smartsearch.ingest.v6-2]
19:07:40.895 INFO  [http-nio-0.0.0.0-8080-exec-1] o.a.c.c.C.[Tomcat].[localhost].[/] docId= workerId= - Initializing Spring DispatcherServlet 'dispatcherServlet'
19:07:40.895 INFO  [http-nio-0.0.0.0-8080-exec-1] o.s.web.servlet.DispatcherServlet docId= workerId= - Initializing Servlet 'dispatcherServlet'
19:07:40.920 INFO  [http-nio-0.0.0.0-8080-exec-1] o.s.web.servlet.DispatcherServlet docId= workerId= - Completed initialization in 25 ms
19:09:32.691 INFO  [http-nio-0.0.0.0-8080-exec-9] o.a.k.c.producer.ProducerConfig docId= workerId= - ProducerConfig values: 
	acks = -1
	auto.include.jmx.reporter = true
	batch.size = 16384
	bootstrap.servers = [localhost:9092]
	buffer.memory = 33554432
	client.dns.lookup = use_all_dns_ips
	client.id = springAI-producer-1
	compression.gzip.level = -1
	compression.lz4.level = 9
	compression.type = none
	compression.zstd.level = 3
	connections.max.idle.ms = 540000
	delivery.timeout.ms = 120000
	enable.idempotence = true
	enable.metrics.push = true
	interceptor.classes = []
	key.serializer = class org.apache.kafka.common.serialization.StringSerializer
	linger.ms = 0
	max.block.ms = 60000
	max.in.flight.requests.per.connection = 5
	max.request.size = 52428800
	metadata.max.age.ms = 300000
	metadata.max.idle.ms = 300000
	metadata.recovery.strategy = none
	metric.reporters = []
	metrics.num.samples = 2
	metrics.recording.level = INFO
	metrics.sample.window.ms = 30000
	partitioner.adaptive.partitioning.enable = true
	partitioner.availability.timeout.ms = 0
	partitioner.class = null
	partitioner.ignore.keys = false
	receive.buffer.bytes = 32768
	reconnect.backoff.max.ms = 1000
	reconnect.backoff.ms = 50
	request.timeout.ms = 30000
	retries = 2147483647
	retry.backoff.max.ms = 1000
	retry.backoff.ms = 100
	sasl.client.callback.handler.class = null
	sasl.jaas.config = null
	sasl.kerberos.kinit.cmd = /usr/bin/kinit
	sasl.kerberos.min.time.before.relogin = 60000
	sasl.kerberos.service.name = null
	sasl.kerberos.ticket.renew.jitter = 0.05
	sasl.kerberos.ticket.renew.window.factor = 0.8
	sasl.login.callback.handler.class = null
	sasl.login.class = null
	sasl.login.connect.timeout.ms = null
	sasl.login.read.timeout.ms = null
	sasl.login.refresh.buffer.seconds = 300
	sasl.login.refresh.min.period.seconds = 60
	sasl.login.refresh.window.factor = 0.8
	sasl.login.refresh.window.jitter = 0.05
	sasl.login.retry.backoff.max.ms = 10000
	sasl.login.retry.backoff.ms = 100
	sasl.mechanism = GSSAPI
	sasl.oauthbearer.clock.skew.seconds = 30
	sasl.oauthbearer.expected.audience = null
	sasl.oauthbearer.expected.issuer = null
	sasl.oauthbearer.header.urlencode = false
	sasl.oauthbearer.jwks.endpoint.refresh.ms = 3600000
	sasl.oauthbearer.jwks.endpoint.retry.backoff.max.ms = 10000
	sasl.oauthbearer.jwks.endpoint.retry.backoff.ms = 100
	sasl.oauthbearer.jwks.endpoint.url = null
	sasl.oauthbearer.scope.claim.name = scope
	sasl.oauthbearer.sub.claim.name = sub
	sasl.oauthbearer.token.endpoint.url = null
	security.protocol = PLAINTEXT
	security.providers = null
	send.buffer.bytes = 131072
	socket.connection.setup.timeout.max.ms = 30000
	socket.connection.setup.timeout.ms = 10000
	ssl.cipher.suites = null
	ssl.enabled.protocols = [TLSv1.2, TLSv1.3]
	ssl.endpoint.identification.algorithm = https
	ssl.engine.factory.class = null
	ssl.key.password = null
	ssl.keymanager.algorithm = SunX509
	ssl.keystore.certificate.chain = null
	ssl.keystore.key = null
	ssl.keystore.location = null
	ssl.keystore.password = null
	ssl.keystore.type = JKS
	ssl.protocol = TLSv1.3
	ssl.provider = null
	ssl.secure.random.implementation = null
	ssl.trustmanager.algorithm = PKIX
	ssl.truststore.certificates = null
	ssl.truststore.location = null
	ssl.truststore.password = null
	ssl.truststore.type = JKS
	transaction.timeout.ms = 60000
	transactional.id = null
	value.serializer = class org.springframework.kafka.support.serializer.JsonSerializer

19:09:32.691 INFO  [http-nio-0.0.0.0-8080-exec-9] o.a.k.c.t.i.KafkaMetricsCollector docId= workerId= - initializing Kafka metrics collector
19:09:32.696 INFO  [http-nio-0.0.0.0-8080-exec-9] o.a.k.clients.producer.KafkaProducer docId= workerId= - [Producer clientId=springAI-producer-1] Instantiated an idempotent producer.
19:09:32.700 INFO  [http-nio-0.0.0.0-8080-exec-9] o.a.kafka.common.utils.AppInfoParser docId= workerId= - Kafka version: 3.9.1
19:09:32.700 INFO  [http-nio-0.0.0.0-8080-exec-9] o.a.kafka.common.utils.AppInfoParser docId= workerId= - Kafka commitId: f745dfdcee2b9851
19:09:32.700 INFO  [http-nio-0.0.0.0-8080-exec-9] o.a.kafka.common.utils.AppInfoParser docId= workerId= - Kafka startTimeMs: 1787450972700
19:09:32.704 INFO  [kafka-producer-network-thread | springAI-producer-1] org.apache.kafka.clients.Metadata docId= workerId= - [Producer clientId=springAI-producer-1] Cluster ID: 9RPQUxsLTR6NekGI38xVDw
19:09:32.705 INFO  [kafka-producer-network-thread | springAI-producer-1] o.a.k.c.p.i.TransactionManager docId= workerId= - [Producer clientId=springAI-producer-1] ProducerId set to 39 with epoch 0
19:09:32.709 INFO  [http-nio-0.0.0.0-8080-exec-9] c.v.s.c.api.DocumentSearchController docId= workerId= - metric=ingest_accepted docId=27ea0fbd-63ef-45de-9153-535ae0a46365 requestId=phase6-failure-B-001
19:09:32.724 INFO  [org.springframework.kafka.KafkaListenerEndpointContainer#0-3-C-1] c.v.springAI.core.IngestConsumer docId=27ea0fbd-63ef-45de-9153-535ae0a46365 workerId= - 📥 Received ingest event for docId=27ea0fbd-63ef-45de-9153-535ae0a46365
19:09:32.727 ERROR [org.springframework.kafka.KafkaListenerEndpointContainer#0-3-C-1] c.v.springAI.core.IngestConsumer docId=27ea0fbd-63ef-45de-9153-535ae0a46365 workerId= - ❌ Ingest attempt failed docId=27ea0fbd-63ef-45de-9153-535ae0a46365
java.lang.RuntimeException: forced failure
	at com.veriprotocol.springAI.core.DocumentService.addDocument(DocumentService.java:70)
	at java.base/jdk.internal.reflect.DirectMethodHandleAccessor.invoke(DirectMethodHandleAccessor.java:103)
	at java.base/java.lang.reflect.Method.invoke(Method.java:580)
	at org.springframework.aop.support.AopUtils.invokeJoinpointUsingReflection(AopUtils.java:360)
	at org.springframework.aop.framework.CglibAopProxy$DynamicAdvisedInterceptor.intercept(CglibAopProxy.java:724)
	at com.veriprotocol.springAI.core.DocumentService$$SpringCGLIB$$0.addDocument(<generated>)
	at com.veriprotocol.springAI.core.IngestConsumer.consume(IngestConsumer.java:183)
	at java.base/jdk.internal.reflect.DirectMethodHandleAccessor.invoke(DirectMethodHandleAccessor.java:103)
	at java.base/java.lang.reflect.Method.invoke(Method.java:580)
	at org.springframework.messaging.handler.invocation.InvocableHandlerMethod.doInvoke(InvocableHandlerMethod.java:169)
	at org.springframework.kafka.listener.adapter.KotlinAwareInvocableHandlerMethod.doInvoke(KotlinAwareInvocableHandlerMethod.java:45)
	at org.springframework.messaging.handler.invocation.InvocableHandlerMethod.invoke(InvocableHandlerMethod.java:119)
	at org.springframework.kafka.listener.adapter.HandlerAdapter.invoke(HandlerAdapter.java:78)
	at org.springframework.kafka.listener.adapter.MessagingMessageListenerAdapter.invokeHandler(MessagingMessageListenerAdapter.java:475)
	at org.springframework.kafka.listener.adapter.MessagingMessageListenerAdapter.invoke(MessagingMessageListenerAdapter.java:421)
	at org.springframework.kafka.listener.adapter.RecordMessagingMessageListenerAdapter.onMessage(RecordMessagingMessageListenerAdapter.java:85)
	at org.springframework.kafka.listener.adapter.RecordMessagingMessageListenerAdapter.onMessage(RecordMessagingMessageListenerAdapter.java:50)
	at org.springframework.kafka.listener.KafkaMessageListenerContainer$ListenerConsumer.doInvokeOnMessage(KafkaMessageListenerContainer.java:2894)
	at org.springframework.kafka.listener.KafkaMessageListenerContainer$ListenerConsumer.invokeOnMessage(KafkaMessageListenerContainer.java:2872)
	at org.springframework.kafka.listener.KafkaMessageListenerContainer$ListenerConsumer.doInvokeRecordListener(KafkaMessageListenerContainer.java:2784)
	at org.springframework.kafka.listener.KafkaMessageListenerContainer$ListenerConsumer.doInvokeWithRecords(KafkaMessageListenerContainer.java:2621)
	at org.springframework.kafka.listener.KafkaMessageListenerContainer$ListenerConsumer.invokeRecordListener(KafkaMessageListenerContainer.java:2510)
	at org.springframework.kafka.listener.KafkaMessageListenerContainer$ListenerConsumer.invokeListener(KafkaMessageListenerContainer.java:2159)
	at org.springframework.kafka.listener.KafkaMessageListenerContainer$ListenerConsumer.invokeIfHaveRecords(KafkaMessageListenerContainer.java:1535)
	at org.springframework.kafka.listener.KafkaMessageListenerContainer$ListenerConsumer.pollAndInvoke(KafkaMessageListenerContainer.java:1473)
	at org.springframework.kafka.listener.KafkaMessageListenerContainer$ListenerConsumer.run(KafkaMessageListenerContainer.java:1342)
	at java.base/java.util.concurrent.CompletableFuture$AsyncRun.run(CompletableFuture.java:1804)
	at java.base/java.lang.Thread.run(Thread.java:1583)
19:09:32.729 ERROR [org.springframework.kafka.KafkaListenerEndpointContainer#0-3-C-1] c.v.s.c.KafkaErrorHandlingConfig docId= workerId= - metric=retry_attempt attempt=1 docId=27ea0fbd-63ef-45de-9153-535ae0a46365 topic=smartsearch.ingest.v6 partition=3 offset=903 error=org.springframework.kafka.listener.ListenerExecutionFailedException: Listener method 'public void com.veriprotocol.springAI.core.IngestConsumer.consume(com.veriprotocol.springAI.core.IngestRequestEvent)' threw exception
19:09:34.788 INFO  [org.springframework.kafka.KafkaListenerEndpointContainer#0-3-C-1] o.a.k.c.c.i.ClassicKafkaConsumer docId= workerId= - [Consumer clientId=consumer-smartsearch-workers-4, groupId=smartsearch-workers] Seeking to offset 903 for partition smartsearch.ingest.v6-3
19:09:34.788 INFO  [org.springframework.kafka.KafkaListenerEndpointContainer#0-3-C-1] o.s.k.l.KafkaMessageListenerContainer docId= workerId= - Record in retry and not yet recovered
19:09:34.794 INFO  [org.springframework.kafka.KafkaListenerEndpointContainer#0-3-C-1] c.v.springAI.core.IngestConsumer docId=27ea0fbd-63ef-45de-9153-535ae0a46365 workerId= - 📥 Received ingest event for docId=27ea0fbd-63ef-45de-9153-535ae0a46365
19:09:34.799 ERROR [org.springframework.kafka.KafkaListenerEndpointContainer#0-3-C-1] c.v.springAI.core.IngestConsumer docId=27ea0fbd-63ef-45de-9153-535ae0a46365 workerId= - ❌ Ingest attempt failed docId=27ea0fbd-63ef-45de-9153-535ae0a46365
java.lang.RuntimeException: forced failure
	at com.veriprotocol.springAI.core.DocumentService.addDocument(DocumentService.java:70)
	at java.base/jdk.internal.reflect.DirectMethodHandleAccessor.invoke(DirectMethodHandleAccessor.java:103)
	at java.base/java.lang.reflect.Method.invoke(Method.java:580)
	at org.springframework.aop.support.AopUtils.invokeJoinpointUsingReflection(AopUtils.java:360)
	at org.springframework.aop.framework.CglibAopProxy$DynamicAdvisedInterceptor.intercept(CglibAopProxy.java:724)
	at com.veriprotocol.springAI.core.DocumentService$$SpringCGLIB$$0.addDocument(<generated>)
	at com.veriprotocol.springAI.core.IngestConsumer.consume(IngestConsumer.java:183)
	at java.base/jdk.internal.reflect.DirectMethodHandleAccessor.invoke(DirectMethodHandleAccessor.java:103)
	at java.base/java.lang.reflect.Method.invoke(Method.java:580)
	at org.springframework.messaging.handler.invocation.InvocableHandlerMethod.doInvoke(InvocableHandlerMethod.java:169)
	at org.springframework.kafka.listener.adapter.KotlinAwareInvocableHandlerMethod.doInvoke(KotlinAwareInvocableHandlerMethod.java:45)
	at org.springframework.messaging.handler.invocation.InvocableHandlerMethod.invoke(InvocableHandlerMethod.java:119)
	at org.springframework.kafka.listener.adapter.HandlerAdapter.invoke(HandlerAdapter.java:78)
	at org.springframework.kafka.listener.adapter.MessagingMessageListenerAdapter.invokeHandler(MessagingMessageListenerAdapter.java:475)
	at org.springframework.kafka.listener.adapter.MessagingMessageListenerAdapter.invoke(MessagingMessageListenerAdapter.java:421)
	at org.springframework.kafka.listener.adapter.RecordMessagingMessageListenerAdapter.onMessage(RecordMessagingMessageListenerAdapter.java:85)
	at org.springframework.kafka.listener.adapter.RecordMessagingMessageListenerAdapter.onMessage(RecordMessagingMessageListenerAdapter.java:50)
	at org.springframework.kafka.listener.KafkaMessageListenerContainer$ListenerConsumer.doInvokeOnMessage(KafkaMessageListenerContainer.java:2894)
	at org.springframework.kafka.listener.KafkaMessageListenerContainer$ListenerConsumer.invokeOnMessage(KafkaMessageListenerContainer.java:2872)
	at org.springframework.kafka.listener.KafkaMessageListenerContainer$ListenerConsumer.doInvokeRecordListener(KafkaMessageListenerContainer.java:2784)
	at org.springframework.kafka.listener.KafkaMessageListenerContainer$ListenerConsumer.doInvokeWithRecords(KafkaMessageListenerContainer.java:2621)
	at org.springframework.kafka.listener.KafkaMessageListenerContainer$ListenerConsumer.invokeRecordListener(KafkaMessageListenerContainer.java:2510)
	at org.springframework.kafka.listener.KafkaMessageListenerContainer$ListenerConsumer.invokeListener(KafkaMessageListenerContainer.java:2159)
	at org.springframework.kafka.listener.KafkaMessageListenerContainer$ListenerConsumer.invokeIfHaveRecords(KafkaMessageListenerContainer.java:1535)
	at org.springframework.kafka.listener.KafkaMessageListenerContainer$ListenerConsumer.pollAndInvoke(KafkaMessageListenerContainer.java:1473)
	at org.springframework.kafka.listener.KafkaMessageListenerContainer$ListenerConsumer.run(KafkaMessageListenerContainer.java:1342)
	at java.base/java.util.concurrent.CompletableFuture$AsyncRun.run(CompletableFuture.java:1804)
	at java.base/java.lang.Thread.run(Thread.java:1583)
19:09:34.800 ERROR [org.springframework.kafka.KafkaListenerEndpointContainer#0-3-C-1] c.v.s.c.KafkaErrorHandlingConfig docId= workerId= - metric=retry_attempt attempt=2 docId=27ea0fbd-63ef-45de-9153-535ae0a46365 topic=smartsearch.ingest.v6 partition=3 offset=903 error=org.springframework.kafka.listener.ListenerExecutionFailedException: Listener method 'public void com.veriprotocol.springAI.core.IngestConsumer.consume(com.veriprotocol.springAI.core.IngestRequestEvent)' threw exception
19:09:36.876 INFO  [org.springframework.kafka.KafkaListenerEndpointContainer#0-3-C-1] o.a.k.c.c.i.ClassicKafkaConsumer docId= workerId= - [Consumer clientId=consumer-smartsearch-workers-4, groupId=smartsearch-workers] Seeking to offset 903 for partition smartsearch.ingest.v6-3
19:09:36.877 INFO  [org.springframework.kafka.KafkaListenerEndpointContainer#0-3-C-1] o.s.k.l.KafkaMessageListenerContainer docId= workerId= - Record in retry and not yet recovered
19:09:36.882 INFO  [org.springframework.kafka.KafkaListenerEndpointContainer#0-3-C-1] c.v.springAI.core.IngestConsumer docId=27ea0fbd-63ef-45de-9153-535ae0a46365 workerId= - 📥 Received ingest event for docId=27ea0fbd-63ef-45de-9153-535ae0a46365
19:09:36.889 ERROR [org.springframework.kafka.KafkaListenerEndpointContainer#0-3-C-1] c.v.springAI.core.IngestConsumer docId=27ea0fbd-63ef-45de-9153-535ae0a46365 workerId= - ❌ Ingest attempt failed docId=27ea0fbd-63ef-45de-9153-535ae0a46365
java.lang.RuntimeException: forced failure
	at com.veriprotocol.springAI.core.DocumentService.addDocument(DocumentService.java:70)
	at java.base/jdk.internal.reflect.DirectMethodHandleAccessor.invoke(DirectMethodHandleAccessor.java:103)
	at java.base/java.lang.reflect.Method.invoke(Method.java:580)
	at org.springframework.aop.support.AopUtils.invokeJoinpointUsingReflection(AopUtils.java:360)
	at org.springframework.aop.framework.CglibAopProxy$DynamicAdvisedInterceptor.intercept(CglibAopProxy.java:724)
	at com.veriprotocol.springAI.core.DocumentService$$SpringCGLIB$$0.addDocument(<generated>)
	at com.veriprotocol.springAI.core.IngestConsumer.consume(IngestConsumer.java:183)
	at java.base/jdk.internal.reflect.DirectMethodHandleAccessor.invoke(DirectMethodHandleAccessor.java:103)
	at java.base/java.lang.reflect.Method.invoke(Method.java:580)
	at org.springframework.messaging.handler.invocation.InvocableHandlerMethod.doInvoke(InvocableHandlerMethod.java:169)
	at org.springframework.kafka.listener.adapter.KotlinAwareInvocableHandlerMethod.doInvoke(KotlinAwareInvocableHandlerMethod.java:45)
	at org.springframework.messaging.handler.invocation.InvocableHandlerMethod.invoke(InvocableHandlerMethod.java:119)
	at org.springframework.kafka.listener.adapter.HandlerAdapter.invoke(HandlerAdapter.java:78)
	at org.springframework.kafka.listener.adapter.MessagingMessageListenerAdapter.invokeHandler(MessagingMessageListenerAdapter.java:475)
	at org.springframework.kafka.listener.adapter.MessagingMessageListenerAdapter.invoke(MessagingMessageListenerAdapter.java:421)
	at org.springframework.kafka.listener.adapter.RecordMessagingMessageListenerAdapter.onMessage(RecordMessagingMessageListenerAdapter.java:85)
	at org.springframework.kafka.listener.adapter.RecordMessagingMessageListenerAdapter.onMessage(RecordMessagingMessageListenerAdapter.java:50)
	at org.springframework.kafka.listener.KafkaMessageListenerContainer$ListenerConsumer.doInvokeOnMessage(KafkaMessageListenerContainer.java:2894)
	at org.springframework.kafka.listener.KafkaMessageListenerContainer$ListenerConsumer.invokeOnMessage(KafkaMessageListenerContainer.java:2872)
	at org.springframework.kafka.listener.KafkaMessageListenerContainer$ListenerConsumer.doInvokeRecordListener(KafkaMessageListenerContainer.java:2784)
	at org.springframework.kafka.listener.KafkaMessageListenerContainer$ListenerConsumer.doInvokeWithRecords(KafkaMessageListenerContainer.java:2621)
	at org.springframework.kafka.listener.KafkaMessageListenerContainer$ListenerConsumer.invokeRecordListener(KafkaMessageListenerContainer.java:2510)
	at org.springframework.kafka.listener.KafkaMessageListenerContainer$ListenerConsumer.invokeListener(KafkaMessageListenerContainer.java:2159)
	at org.springframework.kafka.listener.KafkaMessageListenerContainer$ListenerConsumer.invokeIfHaveRecords(KafkaMessageListenerContainer.java:1535)
	at org.springframework.kafka.listener.KafkaMessageListenerContainer$ListenerConsumer.pollAndInvoke(KafkaMessageListenerContainer.java:1473)
	at org.springframework.kafka.listener.KafkaMessageListenerContainer$ListenerConsumer.run(KafkaMessageListenerContainer.java:1342)
	at java.base/java.util.concurrent.CompletableFuture$AsyncRun.run(CompletableFuture.java:1804)
	at java.base/java.lang.Thread.run(Thread.java:1583)
19:09:36.890 ERROR [org.springframework.kafka.KafkaListenerEndpointContainer#0-3-C-1] c.v.s.c.KafkaErrorHandlingConfig docId= workerId= - metric=retry_attempt attempt=3 docId=27ea0fbd-63ef-45de-9153-535ae0a46365 topic=smartsearch.ingest.v6 partition=3 offset=903 error=org.springframework.kafka.listener.ListenerExecutionFailedException: Listener method 'public void com.veriprotocol.springAI.core.IngestConsumer.consume(com.veriprotocol.springAI.core.IngestRequestEvent)' threw exception
19:09:38.963 INFO  [org.springframework.kafka.KafkaListenerEndpointContainer#0-3-C-1] o.a.k.c.c.i.ClassicKafkaConsumer docId= workerId= - [Consumer clientId=consumer-smartsearch-workers-4, groupId=smartsearch-workers] Seeking to offset 903 for partition smartsearch.ingest.v6-3
19:09:38.963 INFO  [org.springframework.kafka.KafkaListenerEndpointContainer#0-3-C-1] o.s.k.l.KafkaMessageListenerContainer docId= workerId= - Record in retry and not yet recovered
19:09:38.969 INFO  [org.springframework.kafka.KafkaListenerEndpointContainer#0-3-C-1] c.v.springAI.core.IngestConsumer docId=27ea0fbd-63ef-45de-9153-535ae0a46365 workerId= - 📥 Received ingest event for docId=27ea0fbd-63ef-45de-9153-535ae0a46365
19:09:38.974 ERROR [org.springframework.kafka.KafkaListenerEndpointContainer#0-3-C-1] c.v.springAI.core.IngestConsumer docId=27ea0fbd-63ef-45de-9153-535ae0a46365 workerId= - ❌ Ingest attempt failed docId=27ea0fbd-63ef-45de-9153-535ae0a46365
java.lang.RuntimeException: forced failure
	at com.veriprotocol.springAI.core.DocumentService.addDocument(DocumentService.java:70)
	at java.base/jdk.internal.reflect.DirectMethodHandleAccessor.invoke(DirectMethodHandleAccessor.java:103)
	at java.base/java.lang.reflect.Method.invoke(Method.java:580)
	at org.springframework.aop.support.AopUtils.invokeJoinpointUsingReflection(AopUtils.java:360)
	at org.springframework.aop.framework.CglibAopProxy$DynamicAdvisedInterceptor.intercept(CglibAopProxy.java:724)
	at com.veriprotocol.springAI.core.DocumentService$$SpringCGLIB$$0.addDocument(<generated>)
	at com.veriprotocol.springAI.core.IngestConsumer.consume(IngestConsumer.java:183)
	at java.base/jdk.internal.reflect.DirectMethodHandleAccessor.invoke(DirectMethodHandleAccessor.java:103)
	at java.base/java.lang.reflect.Method.invoke(Method.java:580)
	at org.springframework.messaging.handler.invocation.InvocableHandlerMethod.doInvoke(InvocableHandlerMethod.java:169)
	at org.springframework.kafka.listener.adapter.KotlinAwareInvocableHandlerMethod.doInvoke(KotlinAwareInvocableHandlerMethod.java:45)
	at org.springframework.messaging.handler.invocation.InvocableHandlerMethod.invoke(InvocableHandlerMethod.java:119)
	at org.springframework.kafka.listener.adapter.HandlerAdapter.invoke(HandlerAdapter.java:78)
	at org.springframework.kafka.listener.adapter.MessagingMessageListenerAdapter.invokeHandler(MessagingMessageListenerAdapter.java:475)
	at org.springframework.kafka.listener.adapter.MessagingMessageListenerAdapter.invoke(MessagingMessageListenerAdapter.java:421)
	at org.springframework.kafka.listener.adapter.RecordMessagingMessageListenerAdapter.onMessage(RecordMessagingMessageListenerAdapter.java:85)
	at org.springframework.kafka.listener.adapter.RecordMessagingMessageListenerAdapter.onMessage(RecordMessagingMessageListenerAdapter.java:50)
	at org.springframework.kafka.listener.KafkaMessageListenerContainer$ListenerConsumer.doInvokeOnMessage(KafkaMessageListenerContainer.java:2894)
	at org.springframework.kafka.listener.KafkaMessageListenerContainer$ListenerConsumer.invokeOnMessage(KafkaMessageListenerContainer.java:2872)
	at org.springframework.kafka.listener.KafkaMessageListenerContainer$ListenerConsumer.doInvokeRecordListener(KafkaMessageListenerContainer.java:2784)
	at org.springframework.kafka.listener.KafkaMessageListenerContainer$ListenerConsumer.doInvokeWithRecords(KafkaMessageListenerContainer.java:2621)
	at org.springframework.kafka.listener.KafkaMessageListenerContainer$ListenerConsumer.invokeRecordListener(KafkaMessageListenerContainer.java:2510)
	at org.springframework.kafka.listener.KafkaMessageListenerContainer$ListenerConsumer.invokeListener(KafkaMessageListenerContainer.java:2159)
	at org.springframework.kafka.listener.KafkaMessageListenerContainer$ListenerConsumer.invokeIfHaveRecords(KafkaMessageListenerContainer.java:1535)
	at org.springframework.kafka.listener.KafkaMessageListenerContainer$ListenerConsumer.pollAndInvoke(KafkaMessageListenerContainer.java:1473)
	at org.springframework.kafka.listener.KafkaMessageListenerContainer$ListenerConsumer.run(KafkaMessageListenerContainer.java:1342)
	at java.base/java.util.concurrent.CompletableFuture$AsyncRun.run(CompletableFuture.java:1804)
	at java.base/java.lang.Thread.run(Thread.java:1583)
19:09:38.976 ERROR [org.springframework.kafka.KafkaListenerEndpointContainer#0-3-C-1] c.v.s.c.KafkaErrorHandlingConfig docId= workerId= - metric=retry_attempt attempt=4 docId=27ea0fbd-63ef-45de-9153-535ae0a46365 topic=smartsearch.ingest.v6 partition=3 offset=903 error=org.springframework.kafka.listener.ListenerExecutionFailedException: Listener method 'public void com.veriprotocol.springAI.core.IngestConsumer.consume(com.veriprotocol.springAI.core.IngestRequestEvent)' threw exception
19:09:38.976 ERROR [org.springframework.kafka.KafkaListenerEndpointContainer#0-3-C-1] c.v.s.c.KafkaErrorHandlingConfig docId= workerId= - metric=dlq_event docId=27ea0fbd-63ef-45de-9153-535ae0a46365 reason=PROCESSING_ERROR topic=smartsearch.ingest.v6 partition=3 offset=903 error=org.springframework.kafka.listener.ListenerExecutionFailedException: Listener method 'public void com.veriprotocol.springAI.core.IngestConsumer.consume(com.veriprotocol.springAI.core.IngestRequestEvent)' threw exception
19:09:38.983 WARN  [org.springframework.kafka.KafkaListenerEndpointContainer#0-3-C-1] c.v.s.c.KafkaErrorHandlingConfig docId= workerId= - metric=retry_cycle_exhausted tenantId=tenant-B docId=27ea0fbd-63ef-45de-9153-535ae0a46365 durableRetryCount=1
19:09:38.986 WARN  [org.springframework.kafka.KafkaListenerEndpointContainer#0-3-C-1] c.v.s.c.KafkaErrorHandlingConfig$1 docId= workerId= - Destination resolver returned non-existent partition smartsearch.ingest.v6.dlq-3, KafkaProducer will determine partition to use for this topic
19:09:39.001 DEBUG [kafka-producer-network-thread | springAI-producer-1] c.v.s.c.KafkaErrorHandlingConfig$1 docId= workerId= - Successful dead-letter publication: smartsearch.ingest.v6-3@903 to smartsearch.ingest.v6.dlq-0@32
19:10:21.068 INFO  [scheduling-1] c.v.springAI.core.RetryJob docId= workerId= - RetryJob republished tenantId=tenant-B docId=27ea0fbd-63ef-45de-9153-535ae0a46365
19:10:21.073 INFO  [org.springframework.kafka.KafkaListenerEndpointContainer#0-3-C-1] c.v.springAI.core.IngestConsumer docId=27ea0fbd-63ef-45de-9153-535ae0a46365 workerId= - 📥 Received ingest event for docId=27ea0fbd-63ef-45de-9153-535ae0a46365
19:10:21.077 ERROR [org.springframework.kafka.KafkaListenerEndpointContainer#0-3-C-1] c.v.springAI.core.IngestConsumer docId=27ea0fbd-63ef-45de-9153-535ae0a46365 workerId= - ❌ Ingest attempt failed docId=27ea0fbd-63ef-45de-9153-535ae0a46365
java.lang.RuntimeException: forced failure
	at com.veriprotocol.springAI.core.DocumentService.addDocument(DocumentService.java:70)
	at java.base/jdk.internal.reflect.DirectMethodHandleAccessor.invoke(DirectMethodHandleAccessor.java:103)
	at java.base/java.lang.reflect.Method.invoke(Method.java:580)
	at org.springframework.aop.support.AopUtils.invokeJoinpointUsingReflection(AopUtils.java:360)
	at org.springframework.aop.framework.CglibAopProxy$DynamicAdvisedInterceptor.intercept(CglibAopProxy.java:724)
	at com.veriprotocol.springAI.core.DocumentService$$SpringCGLIB$$0.addDocument(<generated>)
	at com.veriprotocol.springAI.core.IngestConsumer.consume(IngestConsumer.java:183)
	at java.base/jdk.internal.reflect.DirectMethodHandleAccessor.invoke(DirectMethodHandleAccessor.java:103)
	at java.base/java.lang.reflect.Method.invoke(Method.java:580)
	at org.springframework.messaging.handler.invocation.InvocableHandlerMethod.doInvoke(InvocableHandlerMethod.java:169)
	at org.springframework.kafka.listener.adapter.KotlinAwareInvocableHandlerMethod.doInvoke(KotlinAwareInvocableHandlerMethod.java:45)
	at org.springframework.messaging.handler.invocation.InvocableHandlerMethod.invoke(InvocableHandlerMethod.java:119)
	at org.springframework.kafka.listener.adapter.HandlerAdapter.invoke(HandlerAdapter.java:78)
	at org.springframework.kafka.listener.adapter.MessagingMessageListenerAdapter.invokeHandler(MessagingMessageListenerAdapter.java:475)
	at org.springframework.kafka.listener.adapter.MessagingMessageListenerAdapter.invoke(MessagingMessageListenerAdapter.java:421)
	at org.springframework.kafka.listener.adapter.RecordMessagingMessageListenerAdapter.onMessage(RecordMessagingMessageListenerAdapter.java:85)
	at org.springframework.kafka.listener.adapter.RecordMessagingMessageListenerAdapter.onMessage(RecordMessagingMessageListenerAdapter.java:50)
	at org.springframework.kafka.listener.KafkaMessageListenerContainer$ListenerConsumer.doInvokeOnMessage(KafkaMessageListenerContainer.java:2894)
	at org.springframework.kafka.listener.KafkaMessageListenerContainer$ListenerConsumer.invokeOnMessage(KafkaMessageListenerContainer.java:2872)
	at org.springframework.kafka.listener.KafkaMessageListenerContainer$ListenerConsumer.doInvokeRecordListener(KafkaMessageListenerContainer.java:2784)
	at org.springframework.kafka.listener.KafkaMessageListenerContainer$ListenerConsumer.doInvokeWithRecords(KafkaMessageListenerContainer.java:2621)
	at org.springframework.kafka.listener.KafkaMessageListenerContainer$ListenerConsumer.invokeRecordListener(KafkaMessageListenerContainer.java:2510)
	at org.springframework.kafka.listener.KafkaMessageListenerContainer$ListenerConsumer.invokeListener(KafkaMessageListenerContainer.java:2159)
	at org.springframework.kafka.listener.KafkaMessageListenerContainer$ListenerConsumer.invokeIfHaveRecords(KafkaMessageListenerContainer.java:1535)
	at org.springframework.kafka.listener.KafkaMessageListenerContainer$ListenerConsumer.pollAndInvoke(KafkaMessageListenerContainer.java:1473)
	at org.springframework.kafka.listener.KafkaMessageListenerContainer$ListenerConsumer.run(KafkaMessageListenerContainer.java:1342)
	at java.base/java.util.concurrent.CompletableFuture$AsyncRun.run(CompletableFuture.java:1804)
	at java.base/java.lang.Thread.run(Thread.java:1583)
19:10:21.078 ERROR [org.springframework.kafka.KafkaListenerEndpointContainer#0-3-C-1] c.v.s.c.KafkaErrorHandlingConfig docId= workerId= - metric=retry_attempt attempt=1 docId=27ea0fbd-63ef-45de-9153-535ae0a46365 topic=smartsearch.ingest.v6 partition=3 offset=904 error=org.springframework.kafka.listener.ListenerExecutionFailedException: Listener method 'public void com.veriprotocol.springAI.core.IngestConsumer.consume(com.veriprotocol.springAI.core.IngestRequestEvent)' threw exception
19:10:23.155 INFO  [org.springframework.kafka.KafkaListenerEndpointContainer#0-3-C-1] o.a.k.c.c.i.ClassicKafkaConsumer docId= workerId= - [Consumer clientId=consumer-smartsearch-workers-4, groupId=smartsearch-workers] Seeking to offset 904 for partition smartsearch.ingest.v6-3
19:10:23.155 INFO  [org.springframework.kafka.KafkaListenerEndpointContainer#0-3-C-1] o.s.k.l.KafkaMessageListenerContainer docId= workerId= - Record in retry and not yet recovered
19:10:23.162 INFO  [org.springframework.kafka.KafkaListenerEndpointContainer#0-3-C-1] c.v.springAI.core.IngestConsumer docId=27ea0fbd-63ef-45de-9153-535ae0a46365 workerId= - 📥 Received ingest event for docId=27ea0fbd-63ef-45de-9153-535ae0a46365
19:10:23.167 ERROR [org.springframework.kafka.KafkaListenerEndpointContainer#0-3-C-1] c.v.springAI.core.IngestConsumer docId=27ea0fbd-63ef-45de-9153-535ae0a46365 workerId= - ❌ Ingest attempt failed docId=27ea0fbd-63ef-45de-9153-535ae0a46365
java.lang.RuntimeException: forced failure
	at com.veriprotocol.springAI.core.DocumentService.addDocument(DocumentService.java:70)
	at java.base/jdk.internal.reflect.DirectMethodHandleAccessor.invoke(DirectMethodHandleAccessor.java:103)
	at java.base/java.lang.reflect.Method.invoke(Method.java:580)
	at org.springframework.aop.support.AopUtils.invokeJoinpointUsingReflection(AopUtils.java:360)
	at org.springframework.aop.framework.CglibAopProxy$DynamicAdvisedInterceptor.intercept(CglibAopProxy.java:724)
	at com.veriprotocol.springAI.core.DocumentService$$SpringCGLIB$$0.addDocument(<generated>)
	at com.veriprotocol.springAI.core.IngestConsumer.consume(IngestConsumer.java:183)
	at java.base/jdk.internal.reflect.DirectMethodHandleAccessor.invoke(DirectMethodHandleAccessor.java:103)
	at java.base/java.lang.reflect.Method.invoke(Method.java:580)
	at org.springframework.messaging.handler.invocation.InvocableHandlerMethod.doInvoke(InvocableHandlerMethod.java:169)
	at org.springframework.kafka.listener.adapter.KotlinAwareInvocableHandlerMethod.doInvoke(KotlinAwareInvocableHandlerMethod.java:45)
	at org.springframework.messaging.handler.invocation.InvocableHandlerMethod.invoke(InvocableHandlerMethod.java:119)
	at org.springframework.kafka.listener.adapter.HandlerAdapter.invoke(HandlerAdapter.java:78)
	at org.springframework.kafka.listener.adapter.MessagingMessageListenerAdapter.invokeHandler(MessagingMessageListenerAdapter.java:475)
	at org.springframework.kafka.listener.adapter.MessagingMessageListenerAdapter.invoke(MessagingMessageListenerAdapter.java:421)
	at org.springframework.kafka.listener.adapter.RecordMessagingMessageListenerAdapter.onMessage(RecordMessagingMessageListenerAdapter.java:85)
	at org.springframework.kafka.listener.adapter.RecordMessagingMessageListenerAdapter.onMessage(RecordMessagingMessageListenerAdapter.java:50)
	at org.springframework.kafka.listener.KafkaMessageListenerContainer$ListenerConsumer.doInvokeOnMessage(KafkaMessageListenerContainer.java:2894)
	at org.springframework.kafka.listener.KafkaMessageListenerContainer$ListenerConsumer.invokeOnMessage(KafkaMessageListenerContainer.java:2872)
	at org.springframework.kafka.listener.KafkaMessageListenerContainer$ListenerConsumer.doInvokeRecordListener(KafkaMessageListenerContainer.java:2784)
	at org.springframework.kafka.listener.KafkaMessageListenerContainer$ListenerConsumer.doInvokeWithRecords(KafkaMessageListenerContainer.java:2621)
	at org.springframework.kafka.listener.KafkaMessageListenerContainer$ListenerConsumer.invokeRecordListener(KafkaMessageListenerContainer.java:2510)
	at org.springframework.kafka.listener.KafkaMessageListenerContainer$ListenerConsumer.invokeListener(KafkaMessageListenerContainer.java:2159)
	at org.springframework.kafka.listener.KafkaMessageListenerContainer$ListenerConsumer.invokeIfHaveRecords(KafkaMessageListenerContainer.java:1535)
	at org.springframework.kafka.listener.KafkaMessageListenerContainer$ListenerConsumer.pollAndInvoke(KafkaMessageListenerContainer.java:1473)
	at org.springframework.kafka.listener.KafkaMessageListenerContainer$ListenerConsumer.run(KafkaMessageListenerContainer.java:1342)
	at java.base/java.util.concurrent.CompletableFuture$AsyncRun.run(CompletableFuture.java:1804)
	at java.base/java.lang.Thread.run(Thread.java:1583)
19:10:23.168 ERROR [org.springframework.kafka.KafkaListenerEndpointContainer#0-3-C-1] c.v.s.c.KafkaErrorHandlingConfig docId= workerId= - metric=retry_attempt attempt=2 docId=27ea0fbd-63ef-45de-9153-535ae0a46365 topic=smartsearch.ingest.v6 partition=3 offset=904 error=org.springframework.kafka.listener.ListenerExecutionFailedException: Listener method 'public void com.veriprotocol.springAI.core.IngestConsumer.consume(com.veriprotocol.springAI.core.IngestRequestEvent)' threw exception
19:10:25.243 INFO  [org.springframework.kafka.KafkaListenerEndpointContainer#0-3-C-1] o.a.k.c.c.i.ClassicKafkaConsumer docId= workerId= - [Consumer clientId=consumer-smartsearch-workers-4, groupId=smartsearch-workers] Seeking to offset 904 for partition smartsearch.ingest.v6-3
19:10:25.243 INFO  [org.springframework.kafka.KafkaListenerEndpointContainer#0-3-C-1] o.s.k.l.KafkaMessageListenerContainer docId= workerId= - Record in retry and not yet recovered
19:10:25.250 INFO  [org.springframework.kafka.KafkaListenerEndpointContainer#0-3-C-1] c.v.springAI.core.IngestConsumer docId=27ea0fbd-63ef-45de-9153-535ae0a46365 workerId= - 📥 Received ingest event for docId=27ea0fbd-63ef-45de-9153-535ae0a46365
19:10:25.256 ERROR [org.springframework.kafka.KafkaListenerEndpointContainer#0-3-C-1] c.v.springAI.core.IngestConsumer docId=27ea0fbd-63ef-45de-9153-535ae0a46365 workerId= - ❌ Ingest attempt failed docId=27ea0fbd-63ef-45de-9153-535ae0a46365
java.lang.RuntimeException: forced failure
	at com.veriprotocol.springAI.core.DocumentService.addDocument(DocumentService.java:70)
	at java.base/jdk.internal.reflect.DirectMethodHandleAccessor.invoke(DirectMethodHandleAccessor.java:103)
	at java.base/java.lang.reflect.Method.invoke(Method.java:580)
	at org.springframework.aop.support.AopUtils.invokeJoinpointUsingReflection(AopUtils.java:360)
	at org.springframework.aop.framework.CglibAopProxy$DynamicAdvisedInterceptor.intercept(CglibAopProxy.java:724)
	at com.veriprotocol.springAI.core.DocumentService$$SpringCGLIB$$0.addDocument(<generated>)
	at com.veriprotocol.springAI.core.IngestConsumer.consume(IngestConsumer.java:183)
	at java.base/jdk.internal.reflect.DirectMethodHandleAccessor.invoke(DirectMethodHandleAccessor.java:103)
	at java.base/java.lang.reflect.Method.invoke(Method.java:580)
	at org.springframework.messaging.handler.invocation.InvocableHandlerMethod.doInvoke(InvocableHandlerMethod.java:169)
	at org.springframework.kafka.listener.adapter.KotlinAwareInvocableHandlerMethod.doInvoke(KotlinAwareInvocableHandlerMethod.java:45)
	at org.springframework.messaging.handler.invocation.InvocableHandlerMethod.invoke(InvocableHandlerMethod.java:119)
	at org.springframework.kafka.listener.adapter.HandlerAdapter.invoke(HandlerAdapter.java:78)
	at org.springframework.kafka.listener.adapter.MessagingMessageListenerAdapter.invokeHandler(MessagingMessageListenerAdapter.java:475)
	at org.springframework.kafka.listener.adapter.MessagingMessageListenerAdapter.invoke(MessagingMessageListenerAdapter.java:421)
	at org.springframework.kafka.listener.adapter.RecordMessagingMessageListenerAdapter.onMessage(RecordMessagingMessageListenerAdapter.java:85)
	at org.springframework.kafka.listener.adapter.RecordMessagingMessageListenerAdapter.onMessage(RecordMessagingMessageListenerAdapter.java:50)
	at org.springframework.kafka.listener.KafkaMessageListenerContainer$ListenerConsumer.doInvokeOnMessage(KafkaMessageListenerContainer.java:2894)
	at org.springframework.kafka.listener.KafkaMessageListenerContainer$ListenerConsumer.invokeOnMessage(KafkaMessageListenerContainer.java:2872)
	at org.springframework.kafka.listener.KafkaMessageListenerContainer$ListenerConsumer.doInvokeRecordListener(KafkaMessageListenerContainer.java:2784)
	at org.springframework.kafka.listener.KafkaMessageListenerContainer$ListenerConsumer.doInvokeWithRecords(KafkaMessageListenerContainer.java:2621)
	at org.springframework.kafka.listener.KafkaMessageListenerContainer$ListenerConsumer.invokeRecordListener(KafkaMessageListenerContainer.java:2510)
	at org.springframework.kafka.listener.KafkaMessageListenerContainer$ListenerConsumer.invokeListener(KafkaMessageListenerContainer.java:2159)
	at org.springframework.kafka.listener.KafkaMessageListenerContainer$ListenerConsumer.invokeIfHaveRecords(KafkaMessageListenerContainer.java:1535)
	at org.springframework.kafka.listener.KafkaMessageListenerContainer$ListenerConsumer.pollAndInvoke(KafkaMessageListenerContainer.java:1473)
	at org.springframework.kafka.listener.KafkaMessageListenerContainer$ListenerConsumer.run(KafkaMessageListenerContainer.java:1342)
	at java.base/java.util.concurrent.CompletableFuture$AsyncRun.run(CompletableFuture.java:1804)
	at java.base/java.lang.Thread.run(Thread.java:1583)
19:10:25.257 ERROR [org.springframework.kafka.KafkaListenerEndpointContainer#0-3-C-1] c.v.s.c.KafkaErrorHandlingConfig docId= workerId= - metric=retry_attempt attempt=3 docId=27ea0fbd-63ef-45de-9153-535ae0a46365 topic=smartsearch.ingest.v6 partition=3 offset=904 error=org.springframework.kafka.listener.ListenerExecutionFailedException: Listener method 'public void com.veriprotocol.springAI.core.IngestConsumer.consume(com.veriprotocol.springAI.core.IngestRequestEvent)' threw exception
19:10:27.328 INFO  [org.springframework.kafka.KafkaListenerEndpointContainer#0-3-C-1] o.a.k.c.c.i.ClassicKafkaConsumer docId= workerId= - [Consumer clientId=consumer-smartsearch-workers-4, groupId=smartsearch-workers] Seeking to offset 904 for partition smartsearch.ingest.v6-3
19:10:27.329 INFO  [org.springframework.kafka.KafkaListenerEndpointContainer#0-3-C-1] o.s.k.l.KafkaMessageListenerContainer docId= workerId= - Record in retry and not yet recovered
19:10:27.335 INFO  [org.springframework.kafka.KafkaListenerEndpointContainer#0-3-C-1] c.v.springAI.core.IngestConsumer docId=27ea0fbd-63ef-45de-9153-535ae0a46365 workerId= - 📥 Received ingest event for docId=27ea0fbd-63ef-45de-9153-535ae0a46365
19:10:27.339 ERROR [org.springframework.kafka.KafkaListenerEndpointContainer#0-3-C-1] c.v.springAI.core.IngestConsumer docId=27ea0fbd-63ef-45de-9153-535ae0a46365 workerId= - ❌ Ingest attempt failed docId=27ea0fbd-63ef-45de-9153-535ae0a46365
java.lang.RuntimeException: forced failure
	at com.veriprotocol.springAI.core.DocumentService.addDocument(DocumentService.java:70)
	at java.base/jdk.internal.reflect.DirectMethodHandleAccessor.invoke(DirectMethodHandleAccessor.java:103)
	at java.base/java.lang.reflect.Method.invoke(Method.java:580)
	at org.springframework.aop.support.AopUtils.invokeJoinpointUsingReflection(AopUtils.java:360)
	at org.springframework.aop.framework.CglibAopProxy$DynamicAdvisedInterceptor.intercept(CglibAopProxy.java:724)
	at com.veriprotocol.springAI.core.DocumentService$$SpringCGLIB$$0.addDocument(<generated>)
	at com.veriprotocol.springAI.core.IngestConsumer.consume(IngestConsumer.java:183)
	at java.base/jdk.internal.reflect.DirectMethodHandleAccessor.invoke(DirectMethodHandleAccessor.java:103)
	at java.base/java.lang.reflect.Method.invoke(Method.java:580)
	at org.springframework.messaging.handler.invocation.InvocableHandlerMethod.doInvoke(InvocableHandlerMethod.java:169)
	at org.springframework.kafka.listener.adapter.KotlinAwareInvocableHandlerMethod.doInvoke(KotlinAwareInvocableHandlerMethod.java:45)
	at org.springframework.messaging.handler.invocation.InvocableHandlerMethod.invoke(InvocableHandlerMethod.java:119)
	at org.springframework.kafka.listener.adapter.HandlerAdapter.invoke(HandlerAdapter.java:78)
	at org.springframework.kafka.listener.adapter.MessagingMessageListenerAdapter.invokeHandler(MessagingMessageListenerAdapter.java:475)
	at org.springframework.kafka.listener.adapter.MessagingMessageListenerAdapter.invoke(MessagingMessageListenerAdapter.java:421)
	at org.springframework.kafka.listener.adapter.RecordMessagingMessageListenerAdapter.onMessage(RecordMessagingMessageListenerAdapter.java:85)
	at org.springframework.kafka.listener.adapter.RecordMessagingMessageListenerAdapter.onMessage(RecordMessagingMessageListenerAdapter.java:50)
	at org.springframework.kafka.listener.KafkaMessageListenerContainer$ListenerConsumer.doInvokeOnMessage(KafkaMessageListenerContainer.java:2894)
	at org.springframework.kafka.listener.KafkaMessageListenerContainer$ListenerConsumer.invokeOnMessage(KafkaMessageListenerContainer.java:2872)
	at org.springframework.kafka.listener.KafkaMessageListenerContainer$ListenerConsumer.doInvokeRecordListener(KafkaMessageListenerContainer.java:2784)
	at org.springframework.kafka.listener.KafkaMessageListenerContainer$ListenerConsumer.doInvokeWithRecords(KafkaMessageListenerContainer.java:2621)
	at org.springframework.kafka.listener.KafkaMessageListenerContainer$ListenerConsumer.invokeRecordListener(KafkaMessageListenerContainer.java:2510)
	at org.springframework.kafka.listener.KafkaMessageListenerContainer$ListenerConsumer.invokeListener(KafkaMessageListenerContainer.java:2159)
	at org.springframework.kafka.listener.KafkaMessageListenerContainer$ListenerConsumer.invokeIfHaveRecords(KafkaMessageListenerContainer.java:1535)
	at org.springframework.kafka.listener.KafkaMessageListenerContainer$ListenerConsumer.pollAndInvoke(KafkaMessageListenerContainer.java:1473)
	at org.springframework.kafka.listener.KafkaMessageListenerContainer$ListenerConsumer.run(KafkaMessageListenerContainer.java:1342)
	at java.base/java.util.concurrent.CompletableFuture$AsyncRun.run(CompletableFuture.java:1804)
	at java.base/java.lang.Thread.run(Thread.java:1583)
19:10:27.340 ERROR [org.springframework.kafka.KafkaListenerEndpointContainer#0-3-C-1] c.v.s.c.KafkaErrorHandlingConfig docId= workerId= - metric=retry_attempt attempt=4 docId=27ea0fbd-63ef-45de-9153-535ae0a46365 topic=smartsearch.ingest.v6 partition=3 offset=904 error=org.springframework.kafka.listener.ListenerExecutionFailedException: Listener method 'public void com.veriprotocol.springAI.core.IngestConsumer.consume(com.veriprotocol.springAI.core.IngestRequestEvent)' threw exception
19:10:27.340 ERROR [org.springframework.kafka.KafkaListenerEndpointContainer#0-3-C-1] c.v.s.c.KafkaErrorHandlingConfig docId= workerId= - metric=dlq_event docId=27ea0fbd-63ef-45de-9153-535ae0a46365 reason=PROCESSING_ERROR topic=smartsearch.ingest.v6 partition=3 offset=904 error=org.springframework.kafka.listener.ListenerExecutionFailedException: Listener method 'public void com.veriprotocol.springAI.core.IngestConsumer.consume(com.veriprotocol.springAI.core.IngestRequestEvent)' threw exception
19:10:27.343 WARN  [org.springframework.kafka.KafkaListenerEndpointContainer#0-3-C-1] c.v.s.c.KafkaErrorHandlingConfig docId= workerId= - metric=retry_cycle_exhausted tenantId=tenant-B docId=27ea0fbd-63ef-45de-9153-535ae0a46365 durableRetryCount=2
19:10:27.345 WARN  [org.springframework.kafka.KafkaListenerEndpointContainer#0-3-C-1] c.v.s.c.KafkaErrorHandlingConfig$1 docId= workerId= - Destination resolver returned non-existent partition smartsearch.ingest.v6.dlq-3, KafkaProducer will determine partition to use for this topic
19:10:27.349 DEBUG [kafka-producer-network-thread | springAI-producer-1] c.v.s.c.KafkaErrorHandlingConfig$1 docId= workerId= - Successful dead-letter publication: smartsearch.ingest.v6-3@904 to smartsearch.ingest.v6.dlq-0@33
19:11:21.088 INFO  [scheduling-1] c.v.springAI.core.RetryJob docId= workerId= - RetryJob republished tenantId=tenant-B docId=27ea0fbd-63ef-45de-9153-535ae0a46365
19:11:21.093 INFO  [org.springframework.kafka.KafkaListenerEndpointContainer#0-3-C-1] c.v.springAI.core.IngestConsumer docId=27ea0fbd-63ef-45de-9153-535ae0a46365 workerId= - 📥 Received ingest event for docId=27ea0fbd-63ef-45de-9153-535ae0a46365
19:11:21.097 ERROR [org.springframework.kafka.KafkaListenerEndpointContainer#0-3-C-1] c.v.springAI.core.IngestConsumer docId=27ea0fbd-63ef-45de-9153-535ae0a46365 workerId= - ❌ Ingest attempt failed docId=27ea0fbd-63ef-45de-9153-535ae0a46365
java.lang.RuntimeException: forced failure
	at com.veriprotocol.springAI.core.DocumentService.addDocument(DocumentService.java:70)
	at java.base/jdk.internal.reflect.DirectMethodHandleAccessor.invoke(DirectMethodHandleAccessor.java:103)
	at java.base/java.lang.reflect.Method.invoke(Method.java:580)
	at org.springframework.aop.support.AopUtils.invokeJoinpointUsingReflection(AopUtils.java:360)
	at org.springframework.aop.framework.CglibAopProxy$DynamicAdvisedInterceptor.intercept(CglibAopProxy.java:724)
	at com.veriprotocol.springAI.core.DocumentService$$SpringCGLIB$$0.addDocument(<generated>)
	at com.veriprotocol.springAI.core.IngestConsumer.consume(IngestConsumer.java:183)
	at java.base/jdk.internal.reflect.DirectMethodHandleAccessor.invoke(DirectMethodHandleAccessor.java:103)
	at java.base/java.lang.reflect.Method.invoke(Method.java:580)
	at org.springframework.messaging.handler.invocation.InvocableHandlerMethod.doInvoke(InvocableHandlerMethod.java:169)
	at org.springframework.kafka.listener.adapter.KotlinAwareInvocableHandlerMethod.doInvoke(KotlinAwareInvocableHandlerMethod.java:45)
	at org.springframework.messaging.handler.invocation.InvocableHandlerMethod.invoke(InvocableHandlerMethod.java:119)
	at org.springframework.kafka.listener.adapter.HandlerAdapter.invoke(HandlerAdapter.java:78)
	at org.springframework.kafka.listener.adapter.MessagingMessageListenerAdapter.invokeHandler(MessagingMessageListenerAdapter.java:475)
	at org.springframework.kafka.listener.adapter.MessagingMessageListenerAdapter.invoke(MessagingMessageListenerAdapter.java:421)
	at org.springframework.kafka.listener.adapter.RecordMessagingMessageListenerAdapter.onMessage(RecordMessagingMessageListenerAdapter.java:85)
	at org.springframework.kafka.listener.adapter.RecordMessagingMessageListenerAdapter.onMessage(RecordMessagingMessageListenerAdapter.java:50)
	at org.springframework.kafka.listener.KafkaMessageListenerContainer$ListenerConsumer.doInvokeOnMessage(KafkaMessageListenerContainer.java:2894)
	at org.springframework.kafka.listener.KafkaMessageListenerContainer$ListenerConsumer.invokeOnMessage(KafkaMessageListenerContainer.java:2872)
	at org.springframework.kafka.listener.KafkaMessageListenerContainer$ListenerConsumer.doInvokeRecordListener(KafkaMessageListenerContainer.java:2784)
	at org.springframework.kafka.listener.KafkaMessageListenerContainer$ListenerConsumer.doInvokeWithRecords(KafkaMessageListenerContainer.java:2621)
	at org.springframework.kafka.listener.KafkaMessageListenerContainer$ListenerConsumer.invokeRecordListener(KafkaMessageListenerContainer.java:2510)
	at org.springframework.kafka.listener.KafkaMessageListenerContainer$ListenerConsumer.invokeListener(KafkaMessageListenerContainer.java:2159)
	at org.springframework.kafka.listener.KafkaMessageListenerContainer$ListenerConsumer.invokeIfHaveRecords(KafkaMessageListenerContainer.java:1535)
	at org.springframework.kafka.listener.KafkaMessageListenerContainer$ListenerConsumer.pollAndInvoke(KafkaMessageListenerContainer.java:1473)
	at org.springframework.kafka.listener.KafkaMessageListenerContainer$ListenerConsumer.run(KafkaMessageListenerContainer.java:1342)
	at java.base/java.util.concurrent.CompletableFuture$AsyncRun.run(CompletableFuture.java:1804)
	at java.base/java.lang.Thread.run(Thread.java:1583)
19:11:21.098 ERROR [org.springframework.kafka.KafkaListenerEndpointContainer#0-3-C-1] c.v.s.c.KafkaErrorHandlingConfig docId= workerId= - metric=retry_attempt attempt=1 docId=27ea0fbd-63ef-45de-9153-535ae0a46365 topic=smartsearch.ingest.v6 partition=3 offset=905 error=org.springframework.kafka.listener.ListenerExecutionFailedException: Listener method 'public void com.veriprotocol.springAI.core.IngestConsumer.consume(com.veriprotocol.springAI.core.IngestRequestEvent)' threw exception
19:11:23.145 INFO  [org.springframework.kafka.KafkaListenerEndpointContainer#0-3-C-1] o.a.k.c.c.i.ClassicKafkaConsumer docId= workerId= - [Consumer clientId=consumer-smartsearch-workers-4, groupId=smartsearch-workers] Seeking to offset 905 for partition smartsearch.ingest.v6-3
19:11:23.145 INFO  [org.springframework.kafka.KafkaListenerEndpointContainer#0-3-C-1] o.s.k.l.KafkaMessageListenerContainer docId= workerId= - Record in retry and not yet recovered
19:11:23.151 INFO  [org.springframework.kafka.KafkaListenerEndpointContainer#0-3-C-1] c.v.springAI.core.IngestConsumer docId=27ea0fbd-63ef-45de-9153-535ae0a46365 workerId= - 📥 Received ingest event for docId=27ea0fbd-63ef-45de-9153-535ae0a46365
19:11:23.157 ERROR [org.springframework.kafka.KafkaListenerEndpointContainer#0-3-C-1] c.v.springAI.core.IngestConsumer docId=27ea0fbd-63ef-45de-9153-535ae0a46365 workerId= - ❌ Ingest attempt failed docId=27ea0fbd-63ef-45de-9153-535ae0a46365
java.lang.RuntimeException: forced failure
	at com.veriprotocol.springAI.core.DocumentService.addDocument(DocumentService.java:70)
	at java.base/jdk.internal.reflect.DirectMethodHandleAccessor.invoke(DirectMethodHandleAccessor.java:103)
	at java.base/java.lang.reflect.Method.invoke(Method.java:580)
	at org.springframework.aop.support.AopUtils.invokeJoinpointUsingReflection(AopUtils.java:360)
	at org.springframework.aop.framework.CglibAopProxy$DynamicAdvisedInterceptor.intercept(CglibAopProxy.java:724)
	at com.veriprotocol.springAI.core.DocumentService$$SpringCGLIB$$0.addDocument(<generated>)
	at com.veriprotocol.springAI.core.IngestConsumer.consume(IngestConsumer.java:183)
	at java.base/jdk.internal.reflect.DirectMethodHandleAccessor.invoke(DirectMethodHandleAccessor.java:103)
	at java.base/java.lang.reflect.Method.invoke(Method.java:580)
	at org.springframework.messaging.handler.invocation.InvocableHandlerMethod.doInvoke(InvocableHandlerMethod.java:169)
	at org.springframework.kafka.listener.adapter.KotlinAwareInvocableHandlerMethod.doInvoke(KotlinAwareInvocableHandlerMethod.java:45)
	at org.springframework.messaging.handler.invocation.InvocableHandlerMethod.invoke(InvocableHandlerMethod.java:119)
	at org.springframework.kafka.listener.adapter.HandlerAdapter.invoke(HandlerAdapter.java:78)
	at org.springframework.kafka.listener.adapter.MessagingMessageListenerAdapter.invokeHandler(MessagingMessageListenerAdapter.java:475)
	at org.springframework.kafka.listener.adapter.MessagingMessageListenerAdapter.invoke(MessagingMessageListenerAdapter.java:421)
	at org.springframework.kafka.listener.adapter.RecordMessagingMessageListenerAdapter.onMessage(RecordMessagingMessageListenerAdapter.java:85)
	at org.springframework.kafka.listener.adapter.RecordMessagingMessageListenerAdapter.onMessage(RecordMessagingMessageListenerAdapter.java:50)
	at org.springframework.kafka.listener.KafkaMessageListenerContainer$ListenerConsumer.doInvokeOnMessage(KafkaMessageListenerContainer.java:2894)
	at org.springframework.kafka.listener.KafkaMessageListenerContainer$ListenerConsumer.invokeOnMessage(KafkaMessageListenerContainer.java:2872)
	at org.springframework.kafka.listener.KafkaMessageListenerContainer$ListenerConsumer.doInvokeRecordListener(KafkaMessageListenerContainer.java:2784)
	at org.springframework.kafka.listener.KafkaMessageListenerContainer$ListenerConsumer.doInvokeWithRecords(KafkaMessageListenerContainer.java:2621)
	at org.springframework.kafka.listener.KafkaMessageListenerContainer$ListenerConsumer.invokeRecordListener(KafkaMessageListenerContainer.java:2510)
	at org.springframework.kafka.listener.KafkaMessageListenerContainer$ListenerConsumer.invokeListener(KafkaMessageListenerContainer.java:2159)
	at org.springframework.kafka.listener.KafkaMessageListenerContainer$ListenerConsumer.invokeIfHaveRecords(KafkaMessageListenerContainer.java:1535)
	at org.springframework.kafka.listener.KafkaMessageListenerContainer$ListenerConsumer.pollAndInvoke(KafkaMessageListenerContainer.java:1473)
	at org.springframework.kafka.listener.KafkaMessageListenerContainer$ListenerConsumer.run(KafkaMessageListenerContainer.java:1342)
	at java.base/java.util.concurrent.CompletableFuture$AsyncRun.run(CompletableFuture.java:1804)
	at java.base/java.lang.Thread.run(Thread.java:1583)
19:11:23.158 ERROR [org.springframework.kafka.KafkaListenerEndpointContainer#0-3-C-1] c.v.s.c.KafkaErrorHandlingConfig docId= workerId= - metric=retry_attempt attempt=2 docId=27ea0fbd-63ef-45de-9153-535ae0a46365 topic=smartsearch.ingest.v6 partition=3 offset=905 error=org.springframework.kafka.listener.ListenerExecutionFailedException: Listener method 'public void com.veriprotocol.springAI.core.IngestConsumer.consume(com.veriprotocol.springAI.core.IngestRequestEvent)' threw exception
19:11:25.215 INFO  [org.springframework.kafka.KafkaListenerEndpointContainer#0-3-C-1] o.a.k.c.c.i.ClassicKafkaConsumer docId= workerId= - [Consumer clientId=consumer-smartsearch-workers-4, groupId=smartsearch-workers] Seeking to offset 905 for partition smartsearch.ingest.v6-3
19:11:25.216 INFO  [org.springframework.kafka.KafkaListenerEndpointContainer#0-3-C-1] o.s.k.l.KafkaMessageListenerContainer docId= workerId= - Record in retry and not yet recovered
19:11:25.220 INFO  [org.springframework.kafka.KafkaListenerEndpointContainer#0-3-C-1] c.v.springAI.core.IngestConsumer docId=27ea0fbd-63ef-45de-9153-535ae0a46365 workerId= - 📥 Received ingest event for docId=27ea0fbd-63ef-45de-9153-535ae0a46365
19:11:25.225 ERROR [org.springframework.kafka.KafkaListenerEndpointContainer#0-3-C-1] c.v.springAI.core.IngestConsumer docId=27ea0fbd-63ef-45de-9153-535ae0a46365 workerId= - ❌ Ingest attempt failed docId=27ea0fbd-63ef-45de-9153-535ae0a46365
java.lang.RuntimeException: forced failure
	at com.veriprotocol.springAI.core.DocumentService.addDocument(DocumentService.java:70)
	at java.base/jdk.internal.reflect.DirectMethodHandleAccessor.invoke(DirectMethodHandleAccessor.java:103)
	at java.base/java.lang.reflect.Method.invoke(Method.java:580)
	at org.springframework.aop.support.AopUtils.invokeJoinpointUsingReflection(AopUtils.java:360)
	at org.springframework.aop.framework.CglibAopProxy$DynamicAdvisedInterceptor.intercept(CglibAopProxy.java:724)
	at com.veriprotocol.springAI.core.DocumentService$$SpringCGLIB$$0.addDocument(<generated>)
	at com.veriprotocol.springAI.core.IngestConsumer.consume(IngestConsumer.java:183)
	at java.base/jdk.internal.reflect.DirectMethodHandleAccessor.invoke(DirectMethodHandleAccessor.java:103)
	at java.base/java.lang.reflect.Method.invoke(Method.java:580)
	at org.springframework.messaging.handler.invocation.InvocableHandlerMethod.doInvoke(InvocableHandlerMethod.java:169)
	at org.springframework.kafka.listener.adapter.KotlinAwareInvocableHandlerMethod.doInvoke(KotlinAwareInvocableHandlerMethod.java:45)
	at org.springframework.messaging.handler.invocation.InvocableHandlerMethod.invoke(InvocableHandlerMethod.java:119)
	at org.springframework.kafka.listener.adapter.HandlerAdapter.invoke(HandlerAdapter.java:78)
	at org.springframework.kafka.listener.adapter.MessagingMessageListenerAdapter.invokeHandler(MessagingMessageListenerAdapter.java:475)
	at org.springframework.kafka.listener.adapter.MessagingMessageListenerAdapter.invoke(MessagingMessageListenerAdapter.java:421)
	at org.springframework.kafka.listener.adapter.RecordMessagingMessageListenerAdapter.onMessage(RecordMessagingMessageListenerAdapter.java:85)
	at org.springframework.kafka.listener.adapter.RecordMessagingMessageListenerAdapter.onMessage(RecordMessagingMessageListenerAdapter.java:50)
	at org.springframework.kafka.listener.KafkaMessageListenerContainer$ListenerConsumer.doInvokeOnMessage(KafkaMessageListenerContainer.java:2894)
	at org.springframework.kafka.listener.KafkaMessageListenerContainer$ListenerConsumer.invokeOnMessage(KafkaMessageListenerContainer.java:2872)
	at org.springframework.kafka.listener.KafkaMessageListenerContainer$ListenerConsumer.doInvokeRecordListener(KafkaMessageListenerContainer.java:2784)
	at org.springframework.kafka.listener.KafkaMessageListenerContainer$ListenerConsumer.doInvokeWithRecords(KafkaMessageListenerContainer.java:2621)
	at org.springframework.kafka.listener.KafkaMessageListenerContainer$ListenerConsumer.invokeRecordListener(KafkaMessageListenerContainer.java:2510)
	at org.springframework.kafka.listener.KafkaMessageListenerContainer$ListenerConsumer.invokeListener(KafkaMessageListenerContainer.java:2159)
	at org.springframework.kafka.listener.KafkaMessageListenerContainer$ListenerConsumer.invokeIfHaveRecords(KafkaMessageListenerContainer.java:1535)
	at org.springframework.kafka.listener.KafkaMessageListenerContainer$ListenerConsumer.pollAndInvoke(KafkaMessageListenerContainer.java:1473)
	at org.springframework.kafka.listener.KafkaMessageListenerContainer$ListenerConsumer.run(KafkaMessageListenerContainer.java:1342)
	at java.base/java.util.concurrent.CompletableFuture$AsyncRun.run(CompletableFuture.java:1804)
	at java.base/java.lang.Thread.run(Thread.java:1583)
19:11:25.226 ERROR [org.springframework.kafka.KafkaListenerEndpointContainer#0-3-C-1] c.v.s.c.KafkaErrorHandlingConfig docId= workerId= - metric=retry_attempt attempt=3 docId=27ea0fbd-63ef-45de-9153-535ae0a46365 topic=smartsearch.ingest.v6 partition=3 offset=905 error=org.springframework.kafka.listener.ListenerExecutionFailedException: Listener method 'public void com.veriprotocol.springAI.core.IngestConsumer.consume(com.veriprotocol.springAI.core.IngestRequestEvent)' threw exception
19:11:27.291 INFO  [org.springframework.kafka.KafkaListenerEndpointContainer#0-3-C-1] o.a.k.c.c.i.ClassicKafkaConsumer docId= workerId= - [Consumer clientId=consumer-smartsearch-workers-4, groupId=smartsearch-workers] Seeking to offset 905 for partition smartsearch.ingest.v6-3
19:11:27.291 INFO  [org.springframework.kafka.KafkaListenerEndpointContainer#0-3-C-1] o.s.k.l.KafkaMessageListenerContainer docId= workerId= - Record in retry and not yet recovered
19:11:27.298 INFO  [org.springframework.kafka.KafkaListenerEndpointContainer#0-3-C-1] c.v.springAI.core.IngestConsumer docId=27ea0fbd-63ef-45de-9153-535ae0a46365 workerId= - 📥 Received ingest event for docId=27ea0fbd-63ef-45de-9153-535ae0a46365
19:11:27.305 ERROR [org.springframework.kafka.KafkaListenerEndpointContainer#0-3-C-1] c.v.springAI.core.IngestConsumer docId=27ea0fbd-63ef-45de-9153-535ae0a46365 workerId= - ❌ Ingest attempt failed docId=27ea0fbd-63ef-45de-9153-535ae0a46365
java.lang.RuntimeException: forced failure
	at com.veriprotocol.springAI.core.DocumentService.addDocument(DocumentService.java:70)
	at java.base/jdk.internal.reflect.DirectMethodHandleAccessor.invoke(DirectMethodHandleAccessor.java:103)
	at java.base/java.lang.reflect.Method.invoke(Method.java:580)
	at org.springframework.aop.support.AopUtils.invokeJoinpointUsingReflection(AopUtils.java:360)
	at org.springframework.aop.framework.CglibAopProxy$DynamicAdvisedInterceptor.intercept(CglibAopProxy.java:724)
	at com.veriprotocol.springAI.core.DocumentService$$SpringCGLIB$$0.addDocument(<generated>)
	at com.veriprotocol.springAI.core.IngestConsumer.consume(IngestConsumer.java:183)
	at java.base/jdk.internal.reflect.DirectMethodHandleAccessor.invoke(DirectMethodHandleAccessor.java:103)
	at java.base/java.lang.reflect.Method.invoke(Method.java:580)
	at org.springframework.messaging.handler.invocation.InvocableHandlerMethod.doInvoke(InvocableHandlerMethod.java:169)
	at org.springframework.kafka.listener.adapter.KotlinAwareInvocableHandlerMethod.doInvoke(KotlinAwareInvocableHandlerMethod.java:45)
	at org.springframework.messaging.handler.invocation.InvocableHandlerMethod.invoke(InvocableHandlerMethod.java:119)
	at org.springframework.kafka.listener.adapter.HandlerAdapter.invoke(HandlerAdapter.java:78)
	at org.springframework.kafka.listener.adapter.MessagingMessageListenerAdapter.invokeHandler(MessagingMessageListenerAdapter.java:475)
	at org.springframework.kafka.listener.adapter.MessagingMessageListenerAdapter.invoke(MessagingMessageListenerAdapter.java:421)
	at org.springframework.kafka.listener.adapter.RecordMessagingMessageListenerAdapter.onMessage(RecordMessagingMessageListenerAdapter.java:85)
	at org.springframework.kafka.listener.adapter.RecordMessagingMessageListenerAdapter.onMessage(RecordMessagingMessageListenerAdapter.java:50)
	at org.springframework.kafka.listener.KafkaMessageListenerContainer$ListenerConsumer.doInvokeOnMessage(KafkaMessageListenerContainer.java:2894)
	at org.springframework.kafka.listener.KafkaMessageListenerContainer$ListenerConsumer.invokeOnMessage(KafkaMessageListenerContainer.java:2872)
	at org.springframework.kafka.listener.KafkaMessageListenerContainer$ListenerConsumer.doInvokeRecordListener(KafkaMessageListenerContainer.java:2784)
	at org.springframework.kafka.listener.KafkaMessageListenerContainer$ListenerConsumer.doInvokeWithRecords(KafkaMessageListenerContainer.java:2621)
	at org.springframework.kafka.listener.KafkaMessageListenerContainer$ListenerConsumer.invokeRecordListener(KafkaMessageListenerContainer.java:2510)
	at org.springframework.kafka.listener.KafkaMessageListenerContainer$ListenerConsumer.invokeListener(KafkaMessageListenerContainer.java:2159)
	at org.springframework.kafka.listener.KafkaMessageListenerContainer$ListenerConsumer.invokeIfHaveRecords(KafkaMessageListenerContainer.java:1535)
	at org.springframework.kafka.listener.KafkaMessageListenerContainer$ListenerConsumer.pollAndInvoke(KafkaMessageListenerContainer.java:1473)
	at org.springframework.kafka.listener.KafkaMessageListenerContainer$ListenerConsumer.run(KafkaMessageListenerContainer.java:1342)
	at java.base/java.util.concurrent.CompletableFuture$AsyncRun.run(CompletableFuture.java:1804)
	at java.base/java.lang.Thread.run(Thread.java:1583)
19:11:27.307 ERROR [org.springframework.kafka.KafkaListenerEndpointContainer#0-3-C-1] c.v.s.c.KafkaErrorHandlingConfig docId= workerId= - metric=retry_attempt attempt=4 docId=27ea0fbd-63ef-45de-9153-535ae0a46365 topic=smartsearch.ingest.v6 partition=3 offset=905 error=org.springframework.kafka.listener.ListenerExecutionFailedException: Listener method 'public void com.veriprotocol.springAI.core.IngestConsumer.consume(com.veriprotocol.springAI.core.IngestRequestEvent)' threw exception
19:11:27.307 ERROR [org.springframework.kafka.KafkaListenerEndpointContainer#0-3-C-1] c.v.s.c.KafkaErrorHandlingConfig docId= workerId= - metric=dlq_event docId=27ea0fbd-63ef-45de-9153-535ae0a46365 reason=PROCESSING_ERROR topic=smartsearch.ingest.v6 partition=3 offset=905 error=org.springframework.kafka.listener.ListenerExecutionFailedException: Listener method 'public void com.veriprotocol.springAI.core.IngestConsumer.consume(com.veriprotocol.springAI.core.IngestRequestEvent)' threw exception
19:11:27.309 WARN  [org.springframework.kafka.KafkaListenerEndpointContainer#0-3-C-1] c.v.s.c.KafkaErrorHandlingConfig docId= workerId= - metric=retry_cycle_exhausted tenantId=tenant-B docId=27ea0fbd-63ef-45de-9153-535ae0a46365 durableRetryCount=3
19:11:27.311 WARN  [org.springframework.kafka.KafkaListenerEndpointContainer#0-3-C-1] c.v.s.c.KafkaErrorHandlingConfig$1 docId= workerId= - Destination resolver returned non-existent partition smartsearch.ingest.v6.dlq-3, KafkaProducer will determine partition to use for this topic
19:11:27.314 DEBUG [kafka-producer-network-thread | springAI-producer-1] c.v.s.c.KafkaErrorHandlingConfig$1 docId= workerId= - Successful dead-letter publication: smartsearch.ingest.v6-3@905 to smartsearch.ingest.v6.dlq-0@34
